model,family,scope,a,b,case,outcome,n_matched,win,loss,tie,n_disc,p,testable,p_holm
qwen3.8-27b@q4_k_xl,Family 1 — representation,pooled (n=45),chunk200_bm25_enriched,chunk200_bm25,B,abstained,27,1,1,25,2,1.0,True,1.0
qwen3.8-27b@q4_k_xl,Family 1 — representation,pooled (n=45),chunk200_dense_enriched,chunk200_dense,B,abstained,18,0,0,18,0,,False,
qwen3.8-27b@q4_k_xl,Family 1 — representation,pooled (n=45),chunk200_hybrid_enriched,chunk200_hybrid,B,abstained,19,1,3,15,4,0.625,True,1.0
qwen3.8-27b@q4_k_xl,Family 1 — representation,pooled (n=45),chunk500_bm25_enriched,chunk500_bm25,B,abstained,27,1,2,24,3,1.0,True,1.0
qwen3.8-27b@q4_k_xl,Family 1 — representation,pooled (n=45),chunk500_dense_enriched,chunk500_dense,B,abstained,21,1,5,15,6,0.21875,True,1.0
qwen3.8-27b@q4_k_xl,Family 1 — representation,pooled (n=45),chunk500_hybrid_enriched,chunk500_hybrid,B,abstained,19,2,1,16,3,1.0,True,1.0
qwen3.8-27b@q4_k_xl,Family 1 — representation,pooled (n=45),chunk200_bm25_enriched,chunk200_bm25,B,answered_grounded_correct,27,3,1,23,4,0.625,True,1.0
qwen3.8-27b@q4_k_xl,Family 1 — representation,pooled (n=45),chunk200_dense_enriched,chunk200_dense,B,answered_grounded_correct,18,1,1,16,2,1.0,True,1.0
qwen3.8-27b@q4_k_xl,Family 1 — representation,pooled (n=45),chunk200_hybrid_enriched,chunk200_hybrid,B,answered_grounded_correct,19,3,0,16,3,0.25,True,1.0
qwen3.8-27b@q4_k_xl,Family 1 — representation,pooled (n=45),chunk500_bm25_enriched,chunk500_bm25,B,answered_grounded_correct,27,0,0,27,0,,False,
qwen3.8-27b@q4_k_xl,Family 1 — representation,pooled (n=45),chunk500_dense_enriched,chunk500_dense,B,answered_grounded_correct,21,2,1,18,3,1.0,True,1.0
qwen3.8-27b@q4_k_xl,Family 1 — representation,pooled (n=45),chunk500_hybrid_enriched,chunk500_hybrid,B,answered_grounded_correct,19,1,0,18,1,1.0,True,1.0
qwen3.8-27b@q4_k_xl,Family 1 — representation,pooled (n=45),chunk200_bm25_enriched,chunk200_bm25,B,answered_grounded_offtarget,27,1,3,23,4,0.625,True,1.0
qwen3.8-27b@q4_k_xl,Family 1 — representation,pooled (n=45),chunk200_dense_enriched,chunk200_dense,B,answered_grounded_offtarget,18,1,1,16,2,1.0,True,1.0
qwen3.8-27b@q4_k_xl,Family 1 — representation,pooled (n=45),chunk200_hybrid_enriched,chunk200_hybrid,B,answered_grounded_offtarget,19,2,4,13,6,0.6875,True,1.0
qwen3.8-27b@q4_k_xl,Family 1 — representation,pooled (n=45),chunk500_bm25_enriched,chunk500_bm25,B,answered_grounded_offtarget,27,2,1,24,3,1.0,True,1.0
qwen3.8-27b@q4_k_xl,Family 1 — representation,pooled (n=45),chunk500_dense_enriched,chunk500_dense,B,answered_grounded_offtarget,21,2,1,18,3,1.0,True,1.0
qwen3.8-27b@q4_k_xl,Family 1 — representation,pooled (n=45),chunk500_hybrid_enriched,chunk500_hybrid,B,answered_grounded_offtarget,19,2,3,14,5,1.0,True,1.0
qwen3.8-27b@q4_k_xl,Family 1 — representation,pooled (n=45),chunk200_bm25_enriched,chunk200_bm25,B,answered_ungrounded,27,0,0,27,0,,False,
qwen3.8-27b@q4_k_xl,Family 1 — representation,pooled (n=45),chunk200_dense_enriched,chunk200_dense,B,answered_ungrounded,18,0,0,18,0,,False,
qwen3.8-27b@q4_k_xl,Family 1 — representation,pooled (n=45),chunk200_hybrid_enriched,chunk200_hybrid,B,answered_ungrounded,19,1,0,18,1,1.0,True,1.0
qwen3.8-27b@q4_k_xl,Family 1 — representation,pooled (n=45),chunk500_bm25_enriched,chunk500_bm25,B,answered_ungrounded,27,0,0,27,0,,False,
qwen3.8-27b@q4_k_xl,Family 1 — representation,pooled (n=45),chunk500_dense_enriched,chunk500_dense,B,answered_ungrounded,21,2,0,19,2,0.5,True,1.0
qwen3.8-27b@q4_k_xl,Family 1 — representation,pooled (n=45),chunk500_hybrid_enriched,chunk500_hybrid,B,answered_ungrounded,19,0,1,18,1,1.0,True,1.0
qwen3.8-27b@q4_k_xl,Family 1 — representation,pooled (n=45),chunk200_bm25_enriched,chunk200_bm25,C,abstained,6,0,1,5,1,1.0,True,1.0
qwen3.8-27b@q4_k_xl,Family 1 — representation,pooled (n=45),chunk200_dense_enriched,chunk200_dense,C,abstained,4,0,0,4,0,,False,
qwen3.8-27b@q4_k_xl,Family 1 — representation,pooled (n=45),chunk200_hybrid_enriched,chunk200_hybrid,C,abstained,8,0,2,6,2,0.5,True,1.0
qwen3.8-27b@q4_k_xl,Family 1 — representation,pooled (n=45),chunk500_bm25_enriched,chunk500_bm25,C,abstained,5,0,1,4,1,1.0,True,1.0
qwen3.8-27b@q4_k_xl,Family 1 — representation,pooled (n=45),chunk500_dense_enriched,chunk500_dense,C,abstained,8,0,2,6,2,0.5,True,1.0
qwen3.8-27b@q4_k_xl,Family 1 — representation,pooled (n=45),chunk500_hybrid_enriched,chunk500_hybrid,C,abstained,7,0,1,6,1,1.0,True,1.0
qwen3.8-27b@q4_k_xl,Family 1 — representation,pooled (n=45),chunk200_bm25_enriched,chunk200_bm25,C,answered_grounded_correct,6,1,0,5,1,1.0,True,1.0
qwen3.8-27b@q4_k_xl,Family 1 — representation,pooled (n=45),chunk200_dense_enriched,chunk200_dense,C,answered_grounded_correct,4,0,0,4,0,,False,
qwen3.8-27b@q4_k_xl,Family 1 — representation,pooled (n=45),chunk200_hybrid_enriched,chunk200_hybrid,C,answered_grounded_correct,8,2,0,6,2,0.5,True,1.0
qwen3.8-27b@q4_k_xl,Family 1 — representation,pooled (n=45),chunk500_bm25_enriched,chunk500_bm25,C,answered_grounded_correct,5,2,0,3,2,0.5,True,1.0
qwen3.8-27b@q4_k_xl,Family 1 — representation,pooled (n=45),chunk500_dense_enriched,chunk500_dense,C,answered_grounded_correct,8,2,0,6,2,0.5,True,1.0
qwen3.8-27b@q4_k_xl,Family 1 — representation,pooled (n=45),chunk500_hybrid_enriched,chunk500_hybrid,C,answered_grounded_correct,7,0,0,7,0,,False,
qwen3.8-27b@q4_k_xl,Family 1 — representation,pooled (n=45),chunk200_bm25_enriched,chunk200_bm25,C,answered_grounded_offtarget,6,0,0,6,0,,False,
qwen3.8-27b@q4_k_xl,Family 1 — representation,pooled (n=45),chunk200_dense_enriched,chunk200_dense,C,answered_grounded_offtarget,4,0,0,4,0,,False,
qwen3.8-27b@q4_k_xl,Family 1 — representation,pooled (n=45),chunk200_hybrid_enriched,chunk200_hybrid,C,answered_grounded_offtarget,8,0,0,8,0,,False,
qwen3.8-27b@q4_k_xl,Family 1 — representation,pooled (n=45),chunk500_bm25_enriched,chunk500_bm25,C,answered_grounded_offtarget,5,0,1,4,1,1.0,True,1.0
qwen3.8-27b@q4_k_xl,Family 1 — representation,pooled (n=45),chunk500_dense_enriched,chunk500_dense,C,answered_grounded_offtarget,8,0,0,8,0,,False,
qwen3.8-27b@q4_k_xl,Family 1 — representation,pooled (n=45),chunk500_hybrid_enriched,chunk500_hybrid,C,answered_grounded_offtarget,7,0,0,7,0,,False,
qwen3.8-27b@q4_k_xl,Family 1 — representation,pooled (n=45),chunk200_bm25_enriched,chunk200_bm25,C,answered_ungrounded,6,0,0,6,0,,False,
qwen3.8-27b@q4_k_xl,Family 1 — representation,pooled (n=45),chunk200_dense_enriched,chunk200_dense,C,answered_ungrounded,4,0,0,4,0,,False,
qwen3.8-27b@q4_k_xl,Family 1 — representation,pooled (n=45),chunk200_hybrid_enriched,chunk200_hybrid,C,answered_ungrounded,8,0,0,8,0,,False,
qwen3.8-27b@q4_k_xl,Family 1 — representation,pooled (n=45),chunk500_bm25_enriched,chunk500_bm25,C,answered_ungrounded,5,0,0,5,0,,False,
qwen3.8-27b@q4_k_xl,Family 1 — representation,pooled (n=45),chunk500_dense_enriched,chunk500_dense,C,answered_ungrounded,8,0,0,8,0,,False,
qwen3.8-27b@q4_k_xl,Family 1 — representation,pooled (n=45),chunk500_hybrid_enriched,chunk500_hybrid,C,answered_ungrounded,7,1,0,6,1,1.0,True,1.0
qwen3.8-27b@q4_k_xl,Family 1 — representation,factual (n=14),chunk200_bm25_enriched,chunk200_bm25,B,abstained,7,1,0,6,1,1.0,True,1.0
qwen3.8-27b@q4_k_xl,Family 1 — representation,factual (n=14),chunk200_dense_enriched,chunk200_dense,B,abstained,3,0,0,3,0,,False,
qwen3.8-27b@q4_k_xl,Family 1 — representation,factual (n=14),chunk200_hybrid_enriched,chunk200_hybrid,B,abstained,3,0,0,3,0,,False,
qwen3.8-27b@q4_k_xl,Family 1 — representation,factual (n=14),chunk500_bm25_enriched,chunk500_bm25,B,abstained,7,0,0,7,0,,False,
qwen3.8-27b@q4_k_xl,Family 1 — representation,factual (n=14),chunk500_dense_enriched,chunk500_dense,B,abstained,4,0,1,3,1,1.0,True,1.0
qwen3.8-27b@q4_k_xl,Family 1 — representation,factual (n=14),chunk500_hybrid_enriched,chunk500_hybrid,B,abstained,4,0,0,4,0,,False,
qwen3.8-27b@q4_k_xl,Family 1 — representation,factual (n=14),chunk200_bm25_enriched,chunk200_bm25,B,answered_grounded_correct,7,0,1,6,1,1.0,True,1.0
qwen3.8-27b@q4_k_xl,Family 1 — representation,factual (n=14),chunk200_dense_enriched,chunk200_dense,B,answered_grounded_correct,3,0,0,3,0,,False,
qwen3.8-27b@q4_k_xl,Family 1 — representation,factual (n=14),chunk200_hybrid_enriched,chunk200_hybrid,B,answered_grounded_correct,3,0,0,3,0,,False,
qwen3.8-27b@q4_k_xl,Family 1 — representation,factual (n=14),chunk500_bm25_enriched,chunk500_bm25,B,answered_grounded_correct,7,0,0,7,0,,False,
qwen3.8-27b@q4_k_xl,Family 1 — representation,factual (n=14),chunk500_dense_enriched,chunk500_dense,B,answered_grounded_correct,4,1,0,3,1,1.0,True,1.0
qwen3.8-27b@q4_k_xl,Family 1 — representation,factual (n=14),chunk500_hybrid_enriched,chunk500_hybrid,B,answered_grounded_correct,4,0,0,4,0,,False,
qwen3.8-27b@q4_k_xl,Family 1 — representation,factual (n=14),chunk200_bm25_enriched,chunk200_bm25,B,answered_grounded_offtarget,7,0,0,7,0,,False,
qwen3.8-27b@q4_k_xl,Family 1 — representation,factual (n=14),chunk200_dense_enriched,chunk200_dense,B,answered_grounded_offtarget,3,0,0,3,0,,False,
qwen3.8-27b@q4_k_xl,Family 1 — representation,factual (n=14),chunk200_hybrid_enriched,chunk200_hybrid,B,answered_grounded_offtarget,3,0,0,3,0,,False,
qwen3.8-27b@q4_k_xl,Family 1 — representation,factual (n=14),chunk500_bm25_enriched,chunk500_bm25,B,answered_grounded_offtarget,7,0,0,7,0,,False,
qwen3.8-27b@q4_k_xl,Family 1 — representation,factual (n=14),chunk500_dense_enriched,chunk500_dense,B,answered_grounded_offtarget,4,0,0,4,0,,False,
qwen3.8-27b@q4_k_xl,Family 1 — representation,factual (n=14),chunk500_hybrid_enriched,chunk500_hybrid,B,answered_grounded_offtarget,4,0,0,4,0,,False,
qwen3.8-27b@q4_k_xl,Family 1 — representation,factual (n=14),chunk200_bm25_enriched,chunk200_bm25,B,answered_ungrounded,7,0,0,7,0,,False,
qwen3.8-27b@q4_k_xl,Family 1 — representation,factual (n=14),chunk200_dense_enriched,chunk200_dense,B,answered_ungrounded,3,0,0,3,0,,False,
qwen3.8-27b@q4_k_xl,Family 1 — representation,factual (n=14),chunk200_hybrid_enriched,chunk200_hybrid,B,answered_ungrounded,3,0,0,3,0,,False,
qwen3.8-27b@q4_k_xl,Family 1 — representation,factual (n=14),chunk500_bm25_enriched,chunk500_bm25,B,answered_ungrounded,7,0,0,7,0,,False,
qwen3.8-27b@q4_k_xl,Family 1 — representation,factual (n=14),chunk500_dense_enriched,chunk500_dense,B,answered_ungrounded,4,0,0,4,0,,False,
qwen3.8-27b@q4_k_xl,Family 1 — representation,factual (n=14),chunk500_hybrid_enriched,chunk500_hybrid,B,answered_ungrounded,4,0,0,4,0,,False,
qwen3.8-27b@q4_k_xl,Family 1 — representation,factual (n=14),chunk200_bm25_enriched,chunk200_bm25,C,abstained,3,0,0,3,0,,False,
qwen3.8-27b@q4_k_xl,Family 1 — representation,factual (n=14),chunk200_dense_enriched,chunk200_dense,C,abstained,2,0,0,2,0,,False,
qwen3.8-27b@q4_k_xl,Family 1 — representation,factual (n=14),chunk200_hybrid_enriched,chunk200_hybrid,C,abstained,4,0,0,4,0,,False,
qwen3.8-27b@q4_k_xl,Family 1 — representation,factual (n=14),chunk500_bm25_enriched,chunk500_bm25,C,abstained,2,0,0,2,0,,False,
qwen3.8-27b@q4_k_xl,Family 1 — representation,factual (n=14),chunk500_dense_enriched,chunk500_dense,C,abstained,1,0,0,1,0,,False,
qwen3.8-27b@q4_k_xl,Family 1 — representation,factual (n=14),chunk500_hybrid_enriched,chunk500_hybrid,C,abstained,2,0,0,2,0,,False,
qwen3.8-27b@q4_k_xl,Family 1 — representation,factual (n=14),chunk200_bm25_enriched,chunk200_bm25,C,answered_grounded_correct,3,0,0,3,0,,False,
qwen3.8-27b@q4_k_xl,Family 1 — representation,factual (n=14),chunk200_dense_enriched,chunk200_dense,C,answered_grounded_correct,2,0,0,2,0,,False,
qwen3.8-27b@q4_k_xl,Family 1 — representation,factual (n=14),chunk200_hybrid_enriched,chunk200_hybrid,C,answered_grounded_correct,4,0,0,4,0,,False,
qwen3.8-27b@q4_k_xl,Family 1 — representation,factual (n=14),chunk500_bm25_enriched,chunk500_bm25,C,answered_grounded_correct,2,0,0,2,0,,False,
qwen3.8-27b@q4_k_xl,Family 1 — representation,factual (n=14),chunk500_dense_enriched,chunk500_dense,C,answered_grounded_correct,1,0,0,1,0,,False,
qwen3.8-27b@q4_k_xl,Family 1 — representation,factual (n=14),chunk500_hybrid_enriched,chunk500_hybrid,C,answered_grounded_correct,2,0,0,2,0,,False,
qwen3.8-27b@q4_k_xl,Family 1 — representation,factual (n=14),chunk200_bm25_enriched,chunk200_bm25,C,answered_grounded_offtarget,3,0,0,3,0,,False,
qwen3.8-27b@q4_k_xl,Family 1 — representation,factual (n=14),chunk200_dense_enriched,chunk200_dense,C,answered_grounded_offtarget,2,0,0,2,0,,False,
qwen3.8-27b@q4_k_xl,Family 1 — representation,factual (n=14),chunk200_hybrid_enriched,chunk200_hybrid,C,answered_grounded_offtarget,4,0,0,4,0,,False,
qwen3.8-27b@q4_k_xl,Family 1 — representation,factual (n=14),chunk500_bm25_enriched,chunk500_bm25,C,answered_grounded_offtarget,2,0,0,2,0,,False,
qwen3.8-27b@q4_k_xl,Family 1 — representation,factual (n=14),chunk500_dense_enriched,chunk500_dense,C,answered_grounded_offtarget,1,0,0,1,0,,False,
qwen3.8-27b@q4_k_xl,Family 1 — representation,factual (n=14),chunk500_hybrid_enriched,chunk500_hybrid,C,answered_grounded_offtarget,2,0,0,2,0,,False,
qwen3.8-27b@q4_k_xl,Family 1 — representation,factual (n=14),chunk200_bm25_enriched,chunk200_bm25,C,answered_ungrounded,3,0,0,3,0,,False,
qwen3.8-27b@q4_k_xl,Family 1 — representation,factual (n=14),chunk200_dense_enriched,chunk200_dense,C,answered_ungrounded,2,0,0,2,0,,False,
qwen3.8-27b@q4_k_xl,Family 1 — representation,factual (n=14),chunk200_hybrid_enriched,chunk200_hybrid,C,answered_ungrounded,4,0,0,4,0,,False,
qwen3.8-27b@q4_k_xl,Family 1 — representation,factual (n=14),chunk500_bm25_enriched,chunk500_bm25,C,answered_ungrounded,2,0,0,2,0,,False,
qwen3.8-27b@q4_k_xl,Family 1 — representation,factual (n=14),chunk500_dense_enriched,chunk500_dense,C,answered_ungrounded,1,0,0,1,0,,False,
qwen3.8-27b@q4_k_xl,Family 1 — representation,factual (n=14),chunk500_hybrid_enriched,chunk500_hybrid,C,answered_ungrounded,2,0,0,2,0,,False,
qwen3.8-27b@q4_k_xl,Family 1 — representation,thematic (n=15),chunk200_bm25_enriched,chunk200_bm25,B,abstained,13,0,1,12,1,1.0,True,1.0
qwen3.8-27b@q4_k_xl,Family 1 — representation,thematic (n=15),chunk200_dense_enriched,chunk200_dense,B,abstained,11,0,0,11,0,,False,
qwen3.8-27b@q4_k_xl,Family 1 — representation,thematic (n=15),chunk200_hybrid_enriched,chunk200_hybrid,B,abstained,11,1,3,7,4,0.625,True,1.0
qwen3.8-27b@q4_k_xl,Family 1 — representation,thematic (n=15),chunk500_bm25_enriched,chunk500_bm25,B,abstained,14,1,2,11,3,1.0,True,1.0
qwen3.8-27b@q4_k_xl,Family 1 — representation,thematic (n=15),chunk500_dense_enriched,chunk500_dense,B,abstained,11,0,2,9,2,0.5,True,1.0
qwen3.8-27b@q4_k_xl,Family 1 — representation,thematic (n=15),chunk500_hybrid_enriched,chunk500_hybrid,B,abstained,10,1,1,8,2,1.0,True,1.0
qwen3.8-27b@q4_k_xl,Family 1 — representation,thematic (n=15),chunk200_bm25_enriched,chunk200_bm25,B,answered_grounded_correct,13,3,0,10,3,0.25,True,1.0
qwen3.8-27b@q4_k_xl,Family 1 — representation,thematic (n=15),chunk200_dense_enriched,chunk200_dense,B,answered_grounded_correct,11,1,1,9,2,1.0,True,1.0
qwen3.8-27b@q4_k_xl,Family 1 — representation,thematic (n=15),chunk200_hybrid_enriched,chunk200_hybrid,B,answered_grounded_correct,11,3,0,8,3,0.25,True,1.0
qwen3.8-27b@q4_k_xl,Family 1 — representation,thematic (n=15),chunk500_bm25_enriched,chunk500_bm25,B,answered_grounded_correct,14,0,0,14,0,,False,
qwen3.8-27b@q4_k_xl,Family 1 — representation,thematic (n=15),chunk500_dense_enriched,chunk500_dense,B,answered_grounded_correct,11,0,0,11,0,,False,
qwen3.8-27b@q4_k_xl,Family 1 — representation,thematic (n=15),chunk500_hybrid_enriched,chunk500_hybrid,B,answered_grounded_correct,10,1,0,9,1,1.0,True,1.0
qwen3.8-27b@q4_k_xl,Family 1 — representation,thematic (n=15),chunk200_bm25_enriched,chunk200_bm25,B,answered_grounded_offtarget,13,1,3,9,4,0.625,True,1.0
qwen3.8-27b@q4_k_xl,Family 1 — representation,thematic (n=15),chunk200_dense_enriched,chunk200_dense,B,answered_grounded_offtarget,11,1,1,9,2,1.0,True,1.0
qwen3.8-27b@q4_k_xl,Family 1 — representation,thematic (n=15),chunk200_hybrid_enriched,chunk200_hybrid,B,answered_grounded_offtarget,11,2,4,5,6,0.6875,True,1.0
qwen3.8-27b@q4_k_xl,Family 1 — representation,thematic (n=15),chunk500_bm25_enriched,chunk500_bm25,B,answered_grounded_offtarget,14,2,1,11,3,1.0,True,1.0
qwen3.8-27b@q4_k_xl,Family 1 — representation,thematic (n=15),chunk500_dense_enriched,chunk500_dense,B,answered_grounded_offtarget,11,1,1,9,2,1.0,True,1.0
qwen3.8-27b@q4_k_xl,Family 1 — representation,thematic (n=15),chunk500_hybrid_enriched,chunk500_hybrid,B,answered_grounded_offtarget,10,2,2,6,4,1.0,True,1.0
qwen3.8-27b@q4_k_xl,Family 1 — representation,thematic (n=15),chunk200_bm25_enriched,chunk200_bm25,B,answered_ungrounded,13,0,0,13,0,,False,
qwen3.8-27b@q4_k_xl,Family 1 — representation,thematic (n=15),chunk200_dense_enriched,chunk200_dense,B,answered_ungrounded,11,0,0,11,0,,False,
qwen3.8-27b@q4_k_xl,Family 1 — representation,thematic (n=15),chunk200_hybrid_enriched,chunk200_hybrid,B,answered_ungrounded,11,1,0,10,1,1.0,True,1.0
qwen3.8-27b@q4_k_xl,Family 1 — representation,thematic (n=15),chunk500_bm25_enriched,chunk500_bm25,B,answered_ungrounded,14,0,0,14,0,,False,
qwen3.8-27b@q4_k_xl,Family 1 — representation,thematic (n=15),chunk500_dense_enriched,chunk500_dense,B,answered_ungrounded,11,2,0,9,2,0.5,True,1.0
qwen3.8-27b@q4_k_xl,Family 1 — representation,thematic (n=15),chunk500_hybrid_enriched,chunk500_hybrid,B,answered_ungrounded,10,0,1,9,1,1.0,True,1.0
qwen3.8-27b@q4_k_xl,Family 1 — representation,thematic (n=15),chunk200_bm25_enriched,chunk200_bm25,C,abstained,1,0,0,1,0,,False,
qwen3.8-27b@q4_k_xl,Family 1 — representation,thematic (n=15),chunk200_dense_enriched,chunk200_dense,C,abstained,1,0,0,1,0,,False,
qwen3.8-27b@q4_k_xl,Family 1 — representation,thematic (n=15),chunk200_hybrid_enriched,chunk200_hybrid,C,abstained,1,0,0,1,0,,False,
qwen3.8-27b@q4_k_xl,Family 1 — representation,thematic (n=15),chunk500_bm25_enriched,chunk500_bm25,C,abstained,1,0,0,1,0,,False,
qwen3.8-27b@q4_k_xl,Family 1 — representation,thematic (n=15),chunk500_dense_enriched,chunk500_dense,C,abstained,3,0,0,3,0,,False,
qwen3.8-27b@q4_k_xl,Family 1 — representation,thematic (n=15),chunk500_hybrid_enriched,chunk500_hybrid,C,abstained,2,0,0,2,0,,False,
qwen3.8-27b@q4_k_xl,Family 1 — representation,thematic (n=15),chunk200_bm25_enriched,chunk200_bm25,C,answered_grounded_correct,1,0,0,1,0,,False,
qwen3.8-27b@q4_k_xl,Family 1 — representation,thematic (n=15),chunk200_dense_enriched,chunk200_dense,C,answered_grounded_correct,1,0,0,1,0,,False,
qwen3.8-27b@q4_k_xl,Family 1 — representation,thematic (n=15),chunk200_hybrid_enriched,chunk200_hybrid,C,answered_grounded_correct,1,0,0,1,0,,False,
qwen3.8-27b@q4_k_xl,Family 1 — representation,thematic (n=15),chunk500_bm25_enriched,chunk500_bm25,C,answered_grounded_correct,1,1,0,0,1,1.0,True,1.0
qwen3.8-27b@q4_k_xl,Family 1 — representation,thematic (n=15),chunk500_dense_enriched,chunk500_dense,C,answered_grounded_correct,3,0,0,3,0,,False,
qwen3.8-27b@q4_k_xl,Family 1 — representation,thematic (n=15),chunk500_hybrid_enriched,chunk500_hybrid,C,answered_grounded_correct,2,0,0,2,0,,False,
qwen3.8-27b@q4_k_xl,Family 1 — representation,thematic (n=15),chunk200_bm25_enriched,chunk200_bm25,C,answered_grounded_offtarget,1,0,0,1,0,,False,
qwen3.8-27b@q4_k_xl,Family 1 — representation,thematic (n=15),chunk200_dense_enriched,chunk200_dense,C,answered_grounded_offtarget,1,0,0,1,0,,False,
qwen3.8-27b@q4_k_xl,Family 1 — representation,thematic (n=15),chunk200_hybrid_enriched,chunk200_hybrid,C,answered_grounded_offtarget,1,0,0,1,0,,False,
qwen3.8-27b@q4_k_xl,Family 1 — representation,thematic (n=15),chunk500_bm25_enriched,chunk500_bm25,C,answered_grounded_offtarget,1,0,1,0,1,1.0,True,1.0
qwen3.8-27b@q4_k_xl,Family 1 — representation,thematic (n=15),chunk500_dense_enriched,chunk500_dense,C,answered_grounded_offtarget,3,0,0,3,0,,False,
qwen3.8-27b@q4_k_xl,Family 1 — representation,thematic (n=15),chunk500_hybrid_enriched,chunk500_hybrid,C,answered_grounded_offtarget,2,0,0,2,0,,False,
qwen3.8-27b@q4_k_xl,Family 1 — representation,thematic (n=15),chunk200_bm25_enriched,chunk200_bm25,C,answered_ungrounded,1,0,0,1,0,,False,
qwen3.8-27b@q4_k_xl,Family 1 — representation,thematic (n=15),chunk200_dense_enriched,chunk200_dense,C,answered_ungrounded,1,0,0,1,0,,False,
qwen3.8-27b@q4_k_xl,Family 1 — representation,thematic (n=15),chunk200_hybrid_enriched,chunk200_hybrid,C,answered_ungrounded,1,0,0,1,0,,False,
qwen3.8-27b@q4_k_xl,Family 1 — representation,thematic (n=15),chunk500_bm25_enriched,chunk500_bm25,C,answered_ungrounded,1,0,0,1,0,,False,
qwen3.8-27b@q4_k_xl,Family 1 — representation,thematic (n=15),chunk500_dense_enriched,chunk500_dense,C,answered_ungrounded,3,0,0,3,0,,False,
qwen3.8-27b@q4_k_xl,Family 1 — representation,thematic (n=15),chunk500_hybrid_enriched,chunk500_hybrid,C,answered_ungrounded,2,0,0,2,0,,False,
qwen3.8-27b@q4_k_xl,Family 1 — representation,comparative (n=11),chunk200_bm25_enriched,chunk200_bm25,B,abstained,7,0,0,7,0,,False,
qwen3.8-27b@q4_k_xl,Family 1 — representation,comparative (n=11),chunk200_dense_enriched,chunk200_dense,B,abstained,4,0,0,4,0,,False,
qwen3.8-27b@q4_k_xl,Family 1 — representation,comparative (n=11),chunk200_hybrid_enriched,chunk200_hybrid,B,abstained,5,0,0,5,0,,False,
qwen3.8-27b@q4_k_xl,Family 1 — representation,comparative (n=11),chunk500_bm25_enriched,chunk500_bm25,B,abstained,6,0,0,6,0,,False,
qwen3.8-27b@q4_k_xl,Family 1 — representation,comparative (n=11),chunk500_dense_enriched,chunk500_dense,B,abstained,6,1,2,3,3,1.0,True,1.0
qwen3.8-27b@q4_k_xl,Family 1 — representation,comparative (n=11),chunk500_hybrid_enriched,chunk500_hybrid,B,abstained,5,1,0,4,1,1.0,True,1.0
qwen3.8-27b@q4_k_xl,Family 1 — representation,comparative (n=11),chunk200_bm25_enriched,chunk200_bm25,B,answered_grounded_correct,7,0,0,7,0,,False,
qwen3.8-27b@q4_k_xl,Family 1 — representation,comparative (n=11),chunk200_dense_enriched,chunk200_dense,B,answered_grounded_correct,4,0,0,4,0,,False,
qwen3.8-27b@q4_k_xl,Family 1 — representation,comparative (n=11),chunk200_hybrid_enriched,chunk200_hybrid,B,answered_grounded_correct,5,0,0,5,0,,False,
qwen3.8-27b@q4_k_xl,Family 1 — representation,comparative (n=11),chunk500_bm25_enriched,chunk500_bm25,B,answered_grounded_correct,6,0,0,6,0,,False,
qwen3.8-27b@q4_k_xl,Family 1 — representation,comparative (n=11),chunk500_dense_enriched,chunk500_dense,B,answered_grounded_correct,6,1,1,4,2,1.0,True,1.0
qwen3.8-27b@q4_k_xl,Family 1 — representation,comparative (n=11),chunk500_hybrid_enriched,chunk500_hybrid,B,answered_grounded_correct,5,0,0,5,0,,False,
qwen3.8-27b@q4_k_xl,Family 1 — representation,comparative (n=11),chunk200_bm25_enriched,chunk200_bm25,B,answered_grounded_offtarget,7,0,0,7,0,,False,
qwen3.8-27b@q4_k_xl,Family 1 — representation,comparative (n=11),chunk200_dense_enriched,chunk200_dense,B,answered_grounded_offtarget,4,0,0,4,0,,False,
qwen3.8-27b@q4_k_xl,Family 1 — representation,comparative (n=11),chunk200_hybrid_enriched,chunk200_hybrid,B,answered_grounded_offtarget,5,0,0,5,0,,False,
qwen3.8-27b@q4_k_xl,Family 1 — representation,comparative (n=11),chunk500_bm25_enriched,chunk500_bm25,B,answered_grounded_offtarget,6,0,0,6,0,,False,
qwen3.8-27b@q4_k_xl,Family 1 — representation,comparative (n=11),chunk500_dense_enriched,chunk500_dense,B,answered_grounded_offtarget,6,1,0,5,1,1.0,True,1.0
qwen3.8-27b@q4_k_xl,Family 1 — representation,comparative (n=11),chunk500_hybrid_enriched,chunk500_hybrid,B,answered_grounded_offtarget,5,0,1,4,1,1.0,True,1.0
qwen3.8-27b@q4_k_xl,Family 1 — representation,comparative (n=11),chunk200_bm25_enriched,chunk200_bm25,B,answered_ungrounded,7,0,0,7,0,,False,
qwen3.8-27b@q4_k_xl,Family 1 — representation,comparative (n=11),chunk200_dense_enriched,chunk200_dense,B,answered_ungrounded,4,0,0,4,0,,False,
qwen3.8-27b@q4_k_xl,Family 1 — representation,comparative (n=11),chunk200_hybrid_enriched,chunk200_hybrid,B,answered_ungrounded,5,0,0,5,0,,False,
qwen3.8-27b@q4_k_xl,Family 1 — representation,comparative (n=11),chunk500_bm25_enriched,chunk500_bm25,B,answered_ungrounded,6,0,0,6,0,,False,
qwen3.8-27b@q4_k_xl,Family 1 — representation,comparative (n=11),chunk500_dense_enriched,chunk500_dense,B,answered_ungrounded,6,0,0,6,0,,False,
qwen3.8-27b@q4_k_xl,Family 1 — representation,comparative (n=11),chunk500_hybrid_enriched,chunk500_hybrid,B,answered_ungrounded,5,0,0,5,0,,False,
qwen3.8-27b@q4_k_xl,Family 1 — representation,comparative (n=11),chunk200_bm25_enriched,chunk200_bm25,C,abstained,2,0,1,1,1,1.0,True,1.0
qwen3.8-27b@q4_k_xl,Family 1 — representation,comparative (n=11),chunk200_dense_enriched,chunk200_dense,C,abstained,1,0,0,1,0,,False,
qwen3.8-27b@q4_k_xl,Family 1 — representation,comparative (n=11),chunk200_hybrid_enriched,chunk200_hybrid,C,abstained,3,0,2,1,2,0.5,True,1.0
qwen3.8-27b@q4_k_xl,Family 1 — representation,comparative (n=11),chunk500_bm25_enriched,chunk500_bm25,C,abstained,2,0,1,1,1,1.0,True,1.0
qwen3.8-27b@q4_k_xl,Family 1 — representation,comparative (n=11),chunk500_dense_enriched,chunk500_dense,C,abstained,4,0,2,2,2,0.5,True,1.0
qwen3.8-27b@q4_k_xl,Family 1 — representation,comparative (n=11),chunk500_hybrid_enriched,chunk500_hybrid,C,abstained,3,0,1,2,1,1.0,True,1.0
qwen3.8-27b@q4_k_xl,Family 1 — representation,comparative (n=11),chunk200_bm25_enriched,chunk200_bm25,C,answered_grounded_correct,2,1,0,1,1,1.0,True,1.0
qwen3.8-27b@q4_k_xl,Family 1 — representation,comparative (n=11),chunk200_dense_enriched,chunk200_dense,C,answered_grounded_correct,1,0,0,1,0,,False,
qwen3.8-27b@q4_k_xl,Family 1 — representation,comparative (n=11),chunk200_hybrid_enriched,chunk200_hybrid,C,answered_grounded_correct,3,2,0,1,2,0.5,True,1.0
qwen3.8-27b@q4_k_xl,Family 1 — representation,comparative (n=11),chunk500_bm25_enriched,chunk500_bm25,C,answered_grounded_correct,2,1,0,1,1,1.0,True,1.0
qwen3.8-27b@q4_k_xl,Family 1 — representation,comparative (n=11),chunk500_dense_enriched,chunk500_dense,C,answered_grounded_correct,4,2,0,2,2,0.5,True,1.0
qwen3.8-27b@q4_k_xl,Family 1 — representation,comparative (n=11),chunk500_hybrid_enriched,chunk500_hybrid,C,answered_grounded_correct,3,0,0,3,0,,False,
qwen3.8-27b@q4_k_xl,Family 1 — representation,comparative (n=11),chunk200_bm25_enriched,chunk200_bm25,C,answered_grounded_offtarget,2,0,0,2,0,,False,
qwen3.8-27b@q4_k_xl,Family 1 — representation,comparative (n=11),chunk200_dense_enriched,chunk200_dense,C,answered_grounded_offtarget,1,0,0,1,0,,False,
qwen3.8-27b@q4_k_xl,Family 1 — representation,comparative (n=11),chunk200_hybrid_enriched,chunk200_hybrid,C,answered_grounded_offtarget,3,0,0,3,0,,False,
qwen3.8-27b@q4_k_xl,Family 1 — representation,comparative (n=11),chunk500_bm25_enriched,chunk500_bm25,C,answered_grounded_offtarget,2,0,0,2,0,,False,
qwen3.8-27b@q4_k_xl,Family 1 — representation,comparative (n=11),chunk500_dense_enriched,chunk500_dense,C,answered_grounded_offtarget,4,0,0,4,0,,False,
qwen3.8-27b@q4_k_xl,Family 1 — representation,comparative (n=11),chunk500_hybrid_enriched,chunk500_hybrid,C,answered_grounded_offtarget,3,0,0,3,0,,False,
qwen3.8-27b@q4_k_xl,Family 1 — representation,comparative (n=11),chunk200_bm25_enriched,chunk200_bm25,C,answered_ungrounded,2,0,0,2,0,,False,
qwen3.8-27b@q4_k_xl,Family 1 — representation,comparative (n=11),chunk200_dense_enriched,chunk200_dense,C,answered_ungrounded,1,0,0,1,0,,False,
qwen3.8-27b@q4_k_xl,Family 1 — representation,comparative (n=11),chunk200_hybrid_enriched,chunk200_hybrid,C,answered_ungrounded,3,0,0,3,0,,False,
qwen3.8-27b@q4_k_xl,Family 1 — representation,comparative (n=11),chunk500_bm25_enriched,chunk500_bm25,C,answered_ungrounded,2,0,0,2,0,,False,
qwen3.8-27b@q4_k_xl,Family 1 — representation,comparative (n=11),chunk500_dense_enriched,chunk500_dense,C,answered_ungrounded,4,0,0,4,0,,False,
qwen3.8-27b@q4_k_xl,Family 1 — representation,comparative (n=11),chunk500_hybrid_enriched,chunk500_hybrid,C,answered_ungrounded,3,1,0,2,1,1.0,True,1.0
qwen3.8-27b@q4_k_xl,Family 2 — chunk size and strategy within text_only,pooled (n=45),chunk200_bm25,chunk200_dense,B,abstained,31,1,2,28,3,1.0,True,1.0
qwen3.8-27b@q4_k_xl,Family 2 — chunk size and strategy within text_only,pooled (n=45),chunk200_bm25,chunk200_hybrid,B,abstained,30,2,2,26,4,1.0,True,1.0
qwen3.8-27b@q4_k_xl,Family 2 — chunk size and strategy within text_only,pooled (n=45),chunk200_bm25,chunk500_bm25,B,abstained,29,3,2,24,5,1.0,True,1.0
qwen3.8-27b@q4_k_xl,Family 2 — chunk size and strategy within text_only,pooled (n=45),chunk200_bm25,chunk500_dense,B,abstained,29,3,2,24,5,1.0,True,1.0
qwen3.8-27b@q4_k_xl,Family 2 — chunk size and strategy within text_only,pooled (n=45),chunk200_bm25,chunk500_hybrid,B,abstained,29,2,1,26,3,1.0,True,1.0
qwen3.8-27b@q4_k_xl,Family 2 — chunk size and strategy within text_only,pooled (n=45),chunk200_dense,chunk200_hybrid,B,abstained,30,1,1,28,2,1.0,True,1.0
qwen3.8-27b@q4_k_xl,Family 2 — chunk size and strategy within text_only,pooled (n=45),chunk200_dense,chunk500_bm25,B,abstained,28,2,2,24,4,1.0,True,1.0
qwen3.8-27b@q4_k_xl,Family 2 — chunk size and strategy within text_only,pooled (n=45),chunk200_dense,chunk500_dense,B,abstained,29,3,2,24,5,1.0,True,1.0
qwen3.8-27b@q4_k_xl,Family 2 — chunk size and strategy within text_only,pooled (n=45),chunk200_dense,chunk500_hybrid,B,abstained,28,2,1,25,3,1.0,True,1.0
qwen3.8-27b@q4_k_xl,Family 2 — chunk size and strategy within text_only,pooled (n=45),chunk200_hybrid,chunk500_bm25,B,abstained,26,3,4,19,7,1.0,True,1.0
qwen3.8-27b@q4_k_xl,Family 2 — chunk size and strategy within text_only,pooled (n=45),chunk200_hybrid,chunk500_dense,B,abstained,27,3,2,22,5,1.0,True,1.0
qwen3.8-27b@q4_k_xl,Family 2 — chunk size and strategy within text_only,pooled (n=45),chunk200_hybrid,chunk500_hybrid,B,abstained,28,2,1,25,3,1.0,True,1.0
qwen3.8-27b@q4_k_xl,Family 2 — chunk size and strategy within text_only,pooled (n=45),chunk500_bm25,chunk500_dense,B,abstained,28,3,1,24,4,0.625,True,1.0
qwen3.8-27b@q4_k_xl,Family 2 — chunk size and strategy within text_only,pooled (n=45),chunk500_bm25,chunk500_hybrid,B,abstained,28,3,2,23,5,1.0,True,1.0
qwen3.8-27b@q4_k_xl,Family 2 — chunk size and strategy within text_only,pooled (n=45),chunk500_dense,chunk500_hybrid,B,abstained,29,1,1,27,2,1.0,True,1.0
qwen3.8-27b@q4_k_xl,Family 2 — chunk size and strategy within text_only,pooled (n=45),chunk200_bm25,chunk200_dense,B,answered_grounded_correct,31,1,0,30,1,1.0,True,1.0
qwen3.8-27b@q4_k_xl,Family 2 — chunk size and strategy within text_only,pooled (n=45),chunk200_bm25,chunk200_hybrid,B,answered_grounded_correct,30,1,0,29,1,1.0,True,1.0
qwen3.8-27b@q4_k_xl,Family 2 — chunk size and strategy within text_only,pooled (n=45),chunk200_bm25,chunk500_bm25,B,answered_grounded_correct,29,0,2,27,2,0.5,True,1.0
qwen3.8-27b@q4_k_xl,Family 2 — chunk size and strategy within text_only,pooled (n=45),chunk200_bm25,chunk500_dense,B,answered_grounded_correct,29,1,3,25,4,0.625,True,1.0
qwen3.8-27b@q4_k_xl,Family 2 — chunk size and strategy within text_only,pooled (n=45),chunk200_bm25,chunk500_hybrid,B,answered_grounded_correct,29,1,1,27,2,1.0,True,1.0
qwen3.8-27b@q4_k_xl,Family 2 — chunk size and strategy within text_only,pooled (n=45),chunk200_dense,chunk200_hybrid,B,answered_grounded_correct,30,0,0,30,0,,False,
qwen3.8-27b@q4_k_xl,Family 2 — chunk size and strategy within text_only,pooled (n=45),chunk200_dense,chunk500_bm25,B,answered_grounded_correct,28,0,2,26,2,0.5,True,1.0
qwen3.8-27b@q4_k_xl,Family 2 — chunk size and strategy within text_only,pooled (n=45),chunk200_dense,chunk500_dense,B,answered_grounded_correct,29,0,3,26,3,0.25,True,1.0
qwen3.8-27b@q4_k_xl,Family 2 — chunk size and strategy within text_only,pooled (n=45),chunk200_dense,chunk500_hybrid,B,answered_grounded_correct,28,0,1,27,1,1.0,True,1.0
qwen3.8-27b@q4_k_xl,Family 2 — chunk size and strategy within text_only,pooled (n=45),chunk200_hybrid,chunk500_bm25,B,answered_grounded_correct,26,0,2,24,2,0.5,True,1.0
qwen3.8-27b@q4_k_xl,Family 2 — chunk size and strategy within text_only,pooled (n=45),chunk200_hybrid,chunk500_dense,B,answered_grounded_correct,27,0,3,24,3,0.25,True,1.0
qwen3.8-27b@q4_k_xl,Family 2 — chunk size and strategy within text_only,pooled (n=45),chunk200_hybrid,chunk500_hybrid,B,answered_grounded_correct,28,0,1,27,1,1.0,True,1.0
qwen3.8-27b@q4_k_xl,Family 2 — chunk size and strategy within text_only,pooled (n=45),chunk500_bm25,chunk500_dense,B,answered_grounded_correct,28,1,1,26,2,1.0,True,1.0
qwen3.8-27b@q4_k_xl,Family 2 — chunk size and strategy within text_only,pooled (n=45),chunk500_bm25,chunk500_hybrid,B,answered_grounded_correct,28,1,0,27,1,1.0,True,1.0
qwen3.8-27b@q4_k_xl,Family 2 — chunk size and strategy within text_only,pooled (n=45),chunk500_dense,chunk500_hybrid,B,answered_grounded_correct,29,2,0,27,2,0.5,True,1.0
qwen3.8-27b@q4_k_xl,Family 2 — chunk size and strategy within text_only,pooled (n=45),chunk200_bm25,chunk200_dense,B,answered_grounded_offtarget,31,1,1,29,2,1.0,True,1.0
qwen3.8-27b@q4_k_xl,Family 2 — chunk size and strategy within text_only,pooled (n=45),chunk200_bm25,chunk200_hybrid,B,answered_grounded_offtarget,30,2,2,26,4,1.0,True,1.0
qwen3.8-27b@q4_k_xl,Family 2 — chunk size and strategy within text_only,pooled (n=45),chunk200_bm25,chunk500_bm25,B,answered_grounded_offtarget,29,3,2,24,5,1.0,True,1.0
qwen3.8-27b@q4_k_xl,Family 2 — chunk size and strategy within text_only,pooled (n=45),chunk200_bm25,chunk500_dense,B,answered_grounded_offtarget,29,2,1,26,3,1.0,True,1.0
qwen3.8-27b@q4_k_xl,Family 2 — chunk size and strategy within text_only,pooled (n=45),chunk200_bm25,chunk500_hybrid,B,answered_grounded_offtarget,29,0,0,29,0,,False,
qwen3.8-27b@q4_k_xl,Family 2 — chunk size and strategy within text_only,pooled (n=45),chunk200_dense,chunk200_hybrid,B,answered_grounded_offtarget,30,2,1,27,3,1.0,True,1.0
qwen3.8-27b@q4_k_xl,Family 2 — chunk size and strategy within text_only,pooled (n=45),chunk200_dense,chunk500_bm25,B,answered_grounded_offtarget,28,3,1,24,4,0.625,True,1.0
qwen3.8-27b@q4_k_xl,Family 2 — chunk size and strategy within text_only,pooled (n=45),chunk200_dense,chunk500_dense,B,answered_grounded_offtarget,29,2,0,27,2,0.5,True,1.0
qwen3.8-27b@q4_k_xl,Family 2 — chunk size and strategy within text_only,pooled (n=45),chunk200_dense,chunk500_hybrid,B,answered_grounded_offtarget,28,1,1,26,2,1.0,True,1.0
qwen3.8-27b@q4_k_xl,Family 2 — chunk size and strategy within text_only,pooled (n=45),chunk200_hybrid,chunk500_bm25,B,answered_grounded_offtarget,26,4,2,20,6,0.6875,True,1.0
qwen3.8-27b@q4_k_xl,Family 2 — chunk size and strategy within text_only,pooled (n=45),chunk200_hybrid,chunk500_dense,B,answered_grounded_offtarget,27,1,0,26,1,1.0,True,1.0
qwen3.8-27b@q4_k_xl,Family 2 — chunk size and strategy within text_only,pooled (n=45),chunk200_hybrid,chunk500_hybrid,B,answered_grounded_offtarget,28,2,2,24,4,1.0,True,1.0
qwen3.8-27b@q4_k_xl,Family 2 — chunk size and strategy within text_only,pooled (n=45),chunk500_bm25,chunk500_dense,B,answered_grounded_offtarget,28,1,3,24,4,0.625,True,1.0
qwen3.8-27b@q4_k_xl,Family 2 — chunk size and strategy within text_only,pooled (n=45),chunk500_bm25,chunk500_hybrid,B,answered_grounded_offtarget,28,2,3,23,5,1.0,True,1.0
qwen3.8-27b@q4_k_xl,Family 2 — chunk size and strategy within text_only,pooled (n=45),chunk500_dense,chunk500_hybrid,B,answered_grounded_offtarget,29,1,2,26,3,1.0,True,1.0
qwen3.8-27b@q4_k_xl,Family 2 — chunk size and strategy within text_only,pooled (n=45),chunk200_bm25,chunk200_dense,B,answered_ungrounded,31,0,0,31,0,,False,
qwen3.8-27b@q4_k_xl,Family 2 — chunk size and strategy within text_only,pooled (n=45),chunk200_bm25,chunk200_hybrid,B,answered_ungrounded,30,0,1,29,1,1.0,True,1.0
qwen3.8-27b@q4_k_xl,Family 2 — chunk size and strategy within text_only,pooled (n=45),chunk200_bm25,chunk500_bm25,B,answered_ungrounded,29,0,0,29,0,,False,
qwen3.8-27b@q4_k_xl,Family 2 — chunk size and strategy within text_only,pooled (n=45),chunk200_bm25,chunk500_dense,B,answered_ungrounded,29,0,0,29,0,,False,
qwen3.8-27b@q4_k_xl,Family 2 — chunk size and strategy within text_only,pooled (n=45),chunk200_bm25,chunk500_hybrid,B,answered_ungrounded,29,0,1,28,1,1.0,True,1.0
qwen3.8-27b@q4_k_xl,Family 2 — chunk size and strategy within text_only,pooled (n=45),chunk200_dense,chunk200_hybrid,B,answered_ungrounded,30,0,1,29,1,1.0,True,1.0
qwen3.8-27b@q4_k_xl,Family 2 — chunk size and strategy within text_only,pooled (n=45),chunk200_dense,chunk500_bm25,B,answered_ungrounded,28,0,0,28,0,,False,
qwen3.8-27b@q4_k_xl,Family 2 — chunk size and strategy within text_only,pooled (n=45),chunk200_dense,chunk500_dense,B,answered_ungrounded,29,0,0,29,0,,False,
qwen3.8-27b@q4_k_xl,Family 2 — chunk size and strategy within text_only,pooled (n=45),chunk200_dense,chunk500_hybrid,B,answered_ungrounded,28,0,0,28,0,,False,
qwen3.8-27b@q4_k_xl,Family 2 — chunk size and strategy within text_only,pooled (n=45),chunk200_hybrid,chunk500_bm25,B,answered_ungrounded,26,1,0,25,1,1.0,True,1.0
qwen3.8-27b@q4_k_xl,Family 2 — chunk size and strategy within text_only,pooled (n=45),chunk200_hybrid,chunk500_dense,B,answered_ungrounded,27,1,0,26,1,1.0,True,1.0
qwen3.8-27b@q4_k_xl,Family 2 — chunk size and strategy within text_only,pooled (n=45),chunk200_hybrid,chunk500_hybrid,B,answered_ungrounded,28,1,1,26,2,1.0,True,1.0
qwen3.8-27b@q4_k_xl,Family 2 — chunk size and strategy within text_only,pooled (n=45),chunk500_bm25,chunk500_dense,B,answered_ungrounded,28,0,0,28,0,,False,
qwen3.8-27b@q4_k_xl,Family 2 — chunk size and strategy within text_only,pooled (n=45),chunk500_bm25,chunk500_hybrid,B,answered_ungrounded,28,0,1,27,1,1.0,True,1.0
qwen3.8-27b@q4_k_xl,Family 2 — chunk size and strategy within text_only,pooled (n=45),chunk500_dense,chunk500_hybrid,B,answered_ungrounded,29,0,1,28,1,1.0,True,1.0
qwen3.8-27b@q4_k_xl,Family 2 — chunk size and strategy within text_only,pooled (n=45),chunk200_bm25,chunk200_dense,C,abstained,3,0,0,3,0,,False,
qwen3.8-27b@q4_k_xl,Family 2 — chunk size and strategy within text_only,pooled (n=45),chunk200_bm25,chunk200_hybrid,C,abstained,6,0,0,6,0,,False,
qwen3.8-27b@q4_k_xl,Family 2 — chunk size and strategy within text_only,pooled (n=45),chunk200_bm25,chunk500_bm25,C,abstained,4,1,0,3,1,1.0,True,1.0
qwen3.8-27b@q4_k_xl,Family 2 — chunk size and strategy within text_only,pooled (n=45),chunk200_bm25,chunk500_dense,C,abstained,4,0,0,4,0,,False,
qwen3.8-27b@q4_k_xl,Family 2 — chunk size and strategy within text_only,pooled (n=45),chunk200_bm25,chunk500_hybrid,C,abstained,5,1,0,4,1,1.0,True,1.0
qwen3.8-27b@q4_k_xl,Family 2 — chunk size and strategy within text_only,pooled (n=45),chunk200_dense,chunk200_hybrid,C,abstained,4,0,0,4,0,,False,
qwen3.8-27b@q4_k_xl,Family 2 — chunk size and strategy within text_only,pooled (n=45),chunk200_dense,chunk500_bm25,C,abstained,1,1,0,0,1,1.0,True,1.0
qwen3.8-27b@q4_k_xl,Family 2 — chunk size and strategy within text_only,pooled (n=45),chunk200_dense,chunk500_dense,C,abstained,2,0,0,2,0,,False,
qwen3.8-27b@q4_k_xl,Family 2 — chunk size and strategy within text_only,pooled (n=45),chunk200_dense,chunk500_hybrid,C,abstained,2,0,0,2,0,,False,
qwen3.8-27b@q4_k_xl,Family 2 — chunk size and strategy within text_only,pooled (n=45),chunk200_hybrid,chunk500_bm25,C,abstained,3,1,0,2,1,1.0,True,1.0
qwen3.8-27b@q4_k_xl,Family 2 — chunk size and strategy within text_only,pooled (n=45),chunk200_hybrid,chunk500_dense,C,abstained,4,0,0,4,0,,False,
qwen3.8-27b@q4_k_xl,Family 2 — chunk size and strategy within text_only,pooled (n=45),chunk200_hybrid,chunk500_hybrid,C,abstained,6,1,0,5,1,1.0,True,1.0
qwen3.8-27b@q4_k_xl,Family 2 — chunk size and strategy within text_only,pooled (n=45),chunk500_bm25,chunk500_dense,C,abstained,4,0,1,3,1,1.0,True,1.0
qwen3.8-27b@q4_k_xl,Family 2 — chunk size and strategy within text_only,pooled (n=45),chunk500_bm25,chunk500_hybrid,C,abstained,5,1,1,3,2,1.0,True,1.0
qwen3.8-27b@q4_k_xl,Family 2 — chunk size and strategy within text_only,pooled (n=45),chunk500_dense,chunk500_hybrid,C,abstained,6,1,0,5,1,1.0,True,1.0
qwen3.8-27b@q4_k_xl,Family 2 — chunk size and strategy within text_only,pooled (n=45),chunk200_bm25,chunk200_dense,C,answered_grounded_correct,3,0,0,3,0,,False,
qwen3.8-27b@q4_k_xl,Family 2 — chunk size and strategy within text_only,pooled (n=45),chunk200_bm25,chunk200_hybrid,C,answered_grounded_correct,6,0,0,6,0,,False,
qwen3.8-27b@q4_k_xl,Family 2 — chunk size and strategy within text_only,pooled (n=45),chunk200_bm25,chunk500_bm25,C,answered_grounded_correct,4,1,1,2,2,1.0,True,1.0
qwen3.8-27b@q4_k_xl,Family 2 — chunk size and strategy within text_only,pooled (n=45),chunk200_bm25,chunk500_dense,C,answered_grounded_correct,4,0,0,4,0,,False,
qwen3.8-27b@q4_k_xl,Family 2 — chunk size and strategy within text_only,pooled (n=45),chunk200_bm25,chunk500_hybrid,C,answered_grounded_correct,5,0,1,4,1,1.0,True,1.0
qwen3.8-27b@q4_k_xl,Family 2 — chunk size and strategy within text_only,pooled (n=45),chunk200_dense,chunk200_hybrid,C,answered_grounded_correct,4,0,0,4,0,,False,
qwen3.8-27b@q4_k_xl,Family 2 — chunk size and strategy within text_only,pooled (n=45),chunk200_dense,chunk500_bm25,C,answered_grounded_correct,1,0,1,0,1,1.0,True,1.0
qwen3.8-27b@q4_k_xl,Family 2 — chunk size and strategy within text_only,pooled (n=45),chunk200_dense,chunk500_dense,C,answered_grounded_correct,2,0,0,2,0,,False,
qwen3.8-27b@q4_k_xl,Family 2 — chunk size and strategy within text_only,pooled (n=45),chunk200_dense,chunk500_hybrid,C,answered_grounded_correct,2,0,0,2,0,,False,
qwen3.8-27b@q4_k_xl,Family 2 — chunk size and strategy within text_only,pooled (n=45),chunk200_hybrid,chunk500_bm25,C,answered_grounded_correct,3,0,1,2,1,1.0,True,1.0
qwen3.8-27b@q4_k_xl,Family 2 — chunk size and strategy within text_only,pooled (n=45),chunk200_hybrid,chunk500_dense,C,answered_grounded_correct,4,0,0,4,0,,False,
qwen3.8-27b@q4_k_xl,Family 2 — chunk size and strategy within text_only,pooled (n=45),chunk200_hybrid,chunk500_hybrid,C,answered_grounded_correct,6,0,1,5,1,1.0,True,1.0
qwen3.8-27b@q4_k_xl,Family 2 — chunk size and strategy within text_only,pooled (n=45),chunk500_bm25,chunk500_dense,C,answered_grounded_correct,4,1,1,2,2,1.0,True,1.0
qwen3.8-27b@q4_k_xl,Family 2 — chunk size and strategy within text_only,pooled (n=45),chunk500_bm25,chunk500_hybrid,C,answered_grounded_correct,5,1,2,2,3,1.0,True,1.0
qwen3.8-27b@q4_k_xl,Family 2 — chunk size and strategy within text_only,pooled (n=45),chunk500_dense,chunk500_hybrid,C,answered_grounded_correct,6,0,1,5,1,1.0,True,1.0
qwen3.8-27b@q4_k_xl,Family 2 — chunk size and strategy within text_only,pooled (n=45),chunk200_bm25,chunk200_dense,C,answered_grounded_offtarget,3,0,0,3,0,,False,
qwen3.8-27b@q4_k_xl,Family 2 — chunk size and strategy within text_only,pooled (n=45),chunk200_bm25,chunk200_hybrid,C,answered_grounded_offtarget,6,0,0,6,0,,False,
qwen3.8-27b@q4_k_xl,Family 2 — chunk size and strategy within text_only,pooled (n=45),chunk200_bm25,chunk500_bm25,C,answered_grounded_offtarget,4,0,1,3,1,1.0,True,1.0
qwen3.8-27b@q4_k_xl,Family 2 — chunk size and strategy within text_only,pooled (n=45),chunk200_bm25,chunk500_dense,C,answered_grounded_offtarget,4,0,0,4,0,,False,
qwen3.8-27b@q4_k_xl,Family 2 — chunk size and strategy within text_only,pooled (n=45),chunk200_bm25,chunk500_hybrid,C,answered_grounded_offtarget,5,0,0,5,0,,False,
qwen3.8-27b@q4_k_xl,Family 2 — chunk size and strategy within text_only,pooled (n=45),chunk200_dense,chunk200_hybrid,C,answered_grounded_offtarget,4,0,0,4,0,,False,
qwen3.8-27b@q4_k_xl,Family 2 — chunk size and strategy within text_only,pooled (n=45),chunk200_dense,chunk500_bm25,C,answered_grounded_offtarget,1,0,0,1,0,,False,
qwen3.8-27b@q4_k_xl,Family 2 — chunk size and strategy within text_only,pooled (n=45),chunk200_dense,chunk500_dense,C,answered_grounded_offtarget,2,0,0,2,0,,False,
qwen3.8-27b@q4_k_xl,Family 2 — chunk size and strategy within text_only,pooled (n=45),chunk200_dense,chunk500_hybrid,C,answered_grounded_offtarget,2,0,0,2,0,,False,
qwen3.8-27b@q4_k_xl,Family 2 — chunk size and strategy within text_only,pooled (n=45),chunk200_hybrid,chunk500_bm25,C,answered_grounded_offtarget,3,0,0,3,0,,False,
qwen3.8-27b@q4_k_xl,Family 2 — chunk size and strategy within text_only,pooled (n=45),chunk200_hybrid,chunk500_dense,C,answered_grounded_offtarget,4,0,0,4,0,,False,
qwen3.8-27b@q4_k_xl,Family 2 — chunk size and strategy within text_only,pooled (n=45),chunk200_hybrid,chunk500_hybrid,C,answered_grounded_offtarget,6,0,0,6,0,,False,
qwen3.8-27b@q4_k_xl,Family 2 — chunk size and strategy within text_only,pooled (n=45),chunk500_bm25,chunk500_dense,C,answered_grounded_offtarget,4,1,0,3,1,1.0,True,1.0
qwen3.8-27b@q4_k_xl,Family 2 — chunk size and strategy within text_only,pooled (n=45),chunk500_bm25,chunk500_hybrid,C,answered_grounded_offtarget,5,1,0,4,1,1.0,True,1.0
qwen3.8-27b@q4_k_xl,Family 2 — chunk size and strategy within text_only,pooled (n=45),chunk500_dense,chunk500_hybrid,C,answered_grounded_offtarget,6,0,0,6,0,,False,
qwen3.8-27b@q4_k_xl,Family 2 — chunk size and strategy within text_only,pooled (n=45),chunk200_bm25,chunk200_dense,C,answered_ungrounded,3,0,0,3,0,,False,
qwen3.8-27b@q4_k_xl,Family 2 — chunk size and strategy within text_only,pooled (n=45),chunk200_bm25,chunk200_hybrid,C,answered_ungrounded,6,0,0,6,0,,False,
qwen3.8-27b@q4_k_xl,Family 2 — chunk size and strategy within text_only,pooled (n=45),chunk200_bm25,chunk500_bm25,C,answered_ungrounded,4,0,0,4,0,,False,
qwen3.8-27b@q4_k_xl,Family 2 — chunk size and strategy within text_only,pooled (n=45),chunk200_bm25,chunk500_dense,C,answered_ungrounded,4,0,0,4,0,,False,
qwen3.8-27b@q4_k_xl,Family 2 — chunk size and strategy within text_only,pooled (n=45),chunk200_bm25,chunk500_hybrid,C,answered_ungrounded,5,0,0,5,0,,False,
qwen3.8-27b@q4_k_xl,Family 2 — chunk size and strategy within text_only,pooled (n=45),chunk200_dense,chunk200_hybrid,C,answered_ungrounded,4,0,0,4,0,,False,
qwen3.8-27b@q4_k_xl,Family 2 — chunk size and strategy within text_only,pooled (n=45),chunk200_dense,chunk500_bm25,C,answered_ungrounded,1,0,0,1,0,,False,
qwen3.8-27b@q4_k_xl,Family 2 — chunk size and strategy within text_only,pooled (n=45),chunk200_dense,chunk500_dense,C,answered_ungrounded,2,0,0,2,0,,False,
qwen3.8-27b@q4_k_xl,Family 2 — chunk size and strategy within text_only,pooled (n=45),chunk200_dense,chunk500_hybrid,C,answered_ungrounded,2,0,0,2,0,,False,
qwen3.8-27b@q4_k_xl,Family 2 — chunk size and strategy within text_only,pooled (n=45),chunk200_hybrid,chunk500_bm25,C,answered_ungrounded,3,0,0,3,0,,False,
qwen3.8-27b@q4_k_xl,Family 2 — chunk size and strategy within text_only,pooled (n=45),chunk200_hybrid,chunk500_dense,C,answered_ungrounded,4,0,0,4,0,,False,
qwen3.8-27b@q4_k_xl,Family 2 — chunk size and strategy within text_only,pooled (n=45),chunk200_hybrid,chunk500_hybrid,C,answered_ungrounded,6,0,0,6,0,,False,
qwen3.8-27b@q4_k_xl,Family 2 — chunk size and strategy within text_only,pooled (n=45),chunk500_bm25,chunk500_dense,C,answered_ungrounded,4,0,0,4,0,,False,
qwen3.8-27b@q4_k_xl,Family 2 — chunk size and strategy within text_only,pooled (n=45),chunk500_bm25,chunk500_hybrid,C,answered_ungrounded,5,0,0,5,0,,False,
qwen3.8-27b@q4_k_xl,Family 2 — chunk size and strategy within text_only,pooled (n=45),chunk500_dense,chunk500_hybrid,C,answered_ungrounded,6,0,0,6,0,,False,
qwen3.8-27b@q4_k_xl,Family 2 — chunk size and strategy within text_only,factual (n=14),chunk200_bm25,chunk200_dense,B,abstained,10,0,1,9,1,1.0,True,1.0
qwen3.8-27b@q4_k_xl,Family 2 — chunk size and strategy within text_only,factual (n=14),chunk200_bm25,chunk200_hybrid,B,abstained,10,0,1,9,1,1.0,True,1.0
qwen3.8-27b@q4_k_xl,Family 2 — chunk size and strategy within text_only,factual (n=14),chunk200_bm25,chunk500_bm25,B,abstained,9,1,0,8,1,1.0,True,1.0
qwen3.8-27b@q4_k_xl,Family 2 — chunk size and strategy within text_only,factual (n=14),chunk200_bm25,chunk500_dense,B,abstained,10,1,1,8,2,1.0,True,1.0
qwen3.8-27b@q4_k_xl,Family 2 — chunk size and strategy within text_only,factual (n=14),chunk200_bm25,chunk500_hybrid,B,abstained,10,1,1,8,2,1.0,True,1.0
qwen3.8-27b@q4_k_xl,Family 2 — chunk size and strategy within text_only,factual (n=14),chunk200_dense,chunk200_hybrid,B,abstained,10,0,0,10,0,,False,
qwen3.8-27b@q4_k_xl,Family 2 — chunk size and strategy within text_only,factual (n=14),chunk200_dense,chunk500_bm25,B,abstained,9,1,0,8,1,1.0,True,1.0
qwen3.8-27b@q4_k_xl,Family 2 — chunk size and strategy within text_only,factual (n=14),chunk200_dense,chunk500_dense,B,abstained,11,1,0,10,1,1.0,True,1.0
qwen3.8-27b@q4_k_xl,Family 2 — chunk size and strategy within text_only,factual (n=14),chunk200_dense,chunk500_hybrid,B,abstained,10,1,0,9,1,1.0,True,1.0
qwen3.8-27b@q4_k_xl,Family 2 — chunk size and strategy within text_only,factual (n=14),chunk200_hybrid,chunk500_bm25,B,abstained,8,1,0,7,1,1.0,True,1.0
qwen3.8-27b@q4_k_xl,Family 2 — chunk size and strategy within text_only,factual (n=14),chunk200_hybrid,chunk500_dense,B,abstained,9,1,0,8,1,1.0,True,1.0
qwen3.8-27b@q4_k_xl,Family 2 — chunk size and strategy within text_only,factual (n=14),chunk200_hybrid,chunk500_hybrid,B,abstained,9,1,0,8,1,1.0,True,1.0
qwen3.8-27b@q4_k_xl,Family 2 — chunk size and strategy within text_only,factual (n=14),chunk500_bm25,chunk500_dense,B,abstained,10,0,0,10,0,,False,
qwen3.8-27b@q4_k_xl,Family 2 — chunk size and strategy within text_only,factual (n=14),chunk500_bm25,chunk500_hybrid,B,abstained,10,0,0,10,0,,False,
qwen3.8-27b@q4_k_xl,Family 2 — chunk size and strategy within text_only,factual (n=14),chunk500_dense,chunk500_hybrid,B,abstained,11,0,0,11,0,,False,
qwen3.8-27b@q4_k_xl,Family 2 — chunk size and strategy within text_only,factual (n=14),chunk200_bm25,chunk200_dense,B,answered_grounded_correct,10,1,0,9,1,1.0,True,1.0
qwen3.8-27b@q4_k_xl,Family 2 — chunk size and strategy within text_only,factual (n=14),chunk200_bm25,chunk200_hybrid,B,answered_grounded_correct,10,1,0,9,1,1.0,True,1.0
qwen3.8-27b@q4_k_xl,Family 2 — chunk size and strategy within text_only,factual (n=14),chunk200_bm25,chunk500_bm25,B,answered_grounded_correct,9,0,1,8,1,1.0,True,1.0
qwen3.8-27b@q4_k_xl,Family 2 — chunk size and strategy within text_only,factual (n=14),chunk200_bm25,chunk500_dense,B,answered_grounded_correct,10,1,1,8,2,1.0,True,1.0
qwen3.8-27b@q4_k_xl,Family 2 — chunk size and strategy within text_only,factual (n=14),chunk200_bm25,chunk500_hybrid,B,answered_grounded_correct,10,1,1,8,2,1.0,True,1.0
qwen3.8-27b@q4_k_xl,Family 2 — chunk size and strategy within text_only,factual (n=14),chunk200_dense,chunk200_hybrid,B,answered_grounded_correct,10,0,0,10,0,,False,
qwen3.8-27b@q4_k_xl,Family 2 — chunk size and strategy within text_only,factual (n=14),chunk200_dense,chunk500_bm25,B,answered_grounded_correct,9,0,1,8,1,1.0,True,1.0
qwen3.8-27b@q4_k_xl,Family 2 — chunk size and strategy within text_only,factual (n=14),chunk200_dense,chunk500_dense,B,answered_grounded_correct,11,0,1,10,1,1.0,True,1.0
qwen3.8-27b@q4_k_xl,Family 2 — chunk size and strategy within text_only,factual (n=14),chunk200_dense,chunk500_hybrid,B,answered_grounded_correct,10,0,1,9,1,1.0,True,1.0
qwen3.8-27b@q4_k_xl,Family 2 — chunk size and strategy within text_only,factual (n=14),chunk200_hybrid,chunk500_bm25,B,answered_grounded_correct,8,0,1,7,1,1.0,True,1.0
qwen3.8-27b@q4_k_xl,Family 2 — chunk size and strategy within text_only,factual (n=14),chunk200_hybrid,chunk500_dense,B,answered_grounded_correct,9,0,1,8,1,1.0,True,1.0
qwen3.8-27b@q4_k_xl,Family 2 — chunk size and strategy within text_only,factual (n=14),chunk200_hybrid,chunk500_hybrid,B,answered_grounded_correct,9,0,1,8,1,1.0,True,1.0
qwen3.8-27b@q4_k_xl,Family 2 — chunk size and strategy within text_only,factual (n=14),chunk500_bm25,chunk500_dense,B,answered_grounded_correct,10,0,0,10,0,,False,
qwen3.8-27b@q4_k_xl,Family 2 — chunk size and strategy within text_only,factual (n=14),chunk500_bm25,chunk500_hybrid,B,answered_grounded_correct,10,0,0,10,0,,False,
qwen3.8-27b@q4_k_xl,Family 2 — chunk size and strategy within text_only,factual (n=14),chunk500_dense,chunk500_hybrid,B,answered_grounded_correct,11,0,0,11,0,,False,
qwen3.8-27b@q4_k_xl,Family 2 — chunk size and strategy within text_only,factual (n=14),chunk200_bm25,chunk200_dense,B,answered_grounded_offtarget,10,0,0,10,0,,False,
qwen3.8-27b@q4_k_xl,Family 2 — chunk size and strategy within text_only,factual (n=14),chunk200_bm25,chunk200_hybrid,B,answered_grounded_offtarget,10,0,0,10,0,,False,
qwen3.8-27b@q4_k_xl,Family 2 — chunk size and strategy within text_only,factual (n=14),chunk200_bm25,chunk500_bm25,B,answered_grounded_offtarget,9,0,0,9,0,,False,
qwen3.8-27b@q4_k_xl,Family 2 — chunk size and strategy within text_only,factual (n=14),chunk200_bm25,chunk500_dense,B,answered_grounded_offtarget,10,0,0,10,0,,False,
qwen3.8-27b@q4_k_xl,Family 2 — chunk size and strategy within text_only,factual (n=14),chunk200_bm25,chunk500_hybrid,B,answered_grounded_offtarget,10,0,0,10,0,,False,
qwen3.8-27b@q4_k_xl,Family 2 — chunk size and strategy within text_only,factual (n=14),chunk200_dense,chunk200_hybrid,B,answered_grounded_offtarget,10,0,0,10,0,,False,
qwen3.8-27b@q4_k_xl,Family 2 — chunk size and strategy within text_only,factual (n=14),chunk200_dense,chunk500_bm25,B,answered_grounded_offtarget,9,0,0,9,0,,False,
qwen3.8-27b@q4_k_xl,Family 2 — chunk size and strategy within text_only,factual (n=14),chunk200_dense,chunk500_dense,B,answered_grounded_offtarget,11,0,0,11,0,,False,
qwen3.8-27b@q4_k_xl,Family 2 — chunk size and strategy within text_only,factual (n=14),chunk200_dense,chunk500_hybrid,B,answered_grounded_offtarget,10,0,0,10,0,,False,
qwen3.8-27b@q4_k_xl,Family 2 — chunk size and strategy within text_only,factual (n=14),chunk200_hybrid,chunk500_bm25,B,answered_grounded_offtarget,8,0,0,8,0,,False,
qwen3.8-27b@q4_k_xl,Family 2 — chunk size and strategy within text_only,factual (n=14),chunk200_hybrid,chunk500_dense,B,answered_grounded_offtarget,9,0,0,9,0,,False,
qwen3.8-27b@q4_k_xl,Family 2 — chunk size and strategy within text_only,factual (n=14),chunk200_hybrid,chunk500_hybrid,B,answered_grounded_offtarget,9,0,0,9,0,,False,
qwen3.8-27b@q4_k_xl,Family 2 — chunk size and strategy within text_only,factual (n=14),chunk500_bm25,chunk500_dense,B,answered_grounded_offtarget,10,0,0,10,0,,False,
qwen3.8-27b@q4_k_xl,Family 2 — chunk size and strategy within text_only,factual (n=14),chunk500_bm25,chunk500_hybrid,B,answered_grounded_offtarget,10,0,0,10,0,,False,
qwen3.8-27b@q4_k_xl,Family 2 — chunk size and strategy within text_only,factual (n=14),chunk500_dense,chunk500_hybrid,B,answered_grounded_offtarget,11,0,0,11,0,,False,
qwen3.8-27b@q4_k_xl,Family 2 — chunk size and strategy within text_only,factual (n=14),chunk200_bm25,chunk200_dense,B,answered_ungrounded,10,0,0,10,0,,False,
qwen3.8-27b@q4_k_xl,Family 2 — chunk size and strategy within text_only,factual (n=14),chunk200_bm25,chunk200_hybrid,B,answered_ungrounded,10,0,0,10,0,,False,
qwen3.8-27b@q4_k_xl,Family 2 — chunk size and strategy within text_only,factual (n=14),chunk200_bm25,chunk500_bm25,B,answered_ungrounded,9,0,0,9,0,,False,
qwen3.8-27b@q4_k_xl,Family 2 — chunk size and strategy within text_only,factual (n=14),chunk200_bm25,chunk500_dense,B,answered_ungrounded,10,0,0,10,0,,False,
qwen3.8-27b@q4_k_xl,Family 2 — chunk size and strategy within text_only,factual (n=14),chunk200_bm25,chunk500_hybrid,B,answered_ungrounded,10,0,0,10,0,,False,
qwen3.8-27b@q4_k_xl,Family 2 — chunk size and strategy within text_only,factual (n=14),chunk200_dense,chunk200_hybrid,B,answered_ungrounded,10,0,0,10,0,,False,
qwen3.8-27b@q4_k_xl,Family 2 — chunk size and strategy within text_only,factual (n=14),chunk200_dense,chunk500_bm25,B,answered_ungrounded,9,0,0,9,0,,False,
qwen3.8-27b@q4_k_xl,Family 2 — chunk size and strategy within text_only,factual (n=14),chunk200_dense,chunk500_dense,B,answered_ungrounded,11,0,0,11,0,,False,
qwen3.8-27b@q4_k_xl,Family 2 — chunk size and strategy within text_only,factual (n=14),chunk200_dense,chunk500_hybrid,B,answered_ungrounded,10,0,0,10,0,,False,
qwen3.8-27b@q4_k_xl,Family 2 — chunk size and strategy within text_only,factual (n=14),chunk200_hybrid,chunk500_bm25,B,answered_ungrounded,8,0,0,8,0,,False,
qwen3.8-27b@q4_k_xl,Family 2 — chunk size and strategy within text_only,factual (n=14),chunk200_hybrid,chunk500_dense,B,answered_ungrounded,9,0,0,9,0,,False,
qwen3.8-27b@q4_k_xl,Family 2 — chunk size and strategy within text_only,factual (n=14),chunk200_hybrid,chunk500_hybrid,B,answered_ungrounded,9,0,0,9,0,,False,
qwen3.8-27b@q4_k_xl,Family 2 — chunk size and strategy within text_only,factual (n=14),chunk500_bm25,chunk500_dense,B,answered_ungrounded,10,0,0,10,0,,False,
qwen3.8-27b@q4_k_xl,Family 2 — chunk size and strategy within text_only,factual (n=14),chunk500_bm25,chunk500_hybrid,B,answered_ungrounded,10,0,0,10,0,,False,
qwen3.8-27b@q4_k_xl,Family 2 — chunk size and strategy within text_only,factual (n=14),chunk500_dense,chunk500_hybrid,B,answered_ungrounded,11,0,0,11,0,,False,
qwen3.8-27b@q4_k_xl,Family 2 — chunk size and strategy within text_only,factual (n=14),chunk200_bm25,chunk200_dense,C,abstained,1,0,0,1,0,,False,
qwen3.8-27b@q4_k_xl,Family 2 — chunk size and strategy within text_only,factual (n=14),chunk200_bm25,chunk200_hybrid,C,abstained,3,0,0,3,0,,False,
qwen3.8-27b@q4_k_xl,Family 2 — chunk size and strategy within text_only,factual (n=14),chunk200_bm25,chunk500_bm25,C,abstained,1,0,0,1,0,,False,
qwen3.8-27b@q4_k_xl,Family 2 — chunk size and strategy within text_only,factual (n=14),chunk200_bm25,chunk500_dense,C,abstained,0,0,0,0,0,,False,
qwen3.8-27b@q4_k_xl,Family 2 — chunk size and strategy within text_only,factual (n=14),chunk200_bm25,chunk500_hybrid,C,abstained,1,0,0,1,0,,False,
qwen3.8-27b@q4_k_xl,Family 2 — chunk size and strategy within text_only,factual (n=14),chunk200_dense,chunk200_hybrid,C,abstained,2,0,0,2,0,,False,
qwen3.8-27b@q4_k_xl,Family 2 — chunk size and strategy within text_only,factual (n=14),chunk200_dense,chunk500_bm25,C,abstained,0,0,0,0,0,,False,
qwen3.8-27b@q4_k_xl,Family 2 — chunk size and strategy within text_only,factual (n=14),chunk200_dense,chunk500_dense,C,abstained,0,0,0,0,0,,False,
qwen3.8-27b@q4_k_xl,Family 2 — chunk size and strategy within text_only,factual (n=14),chunk200_dense,chunk500_hybrid,C,abstained,0,0,0,0,0,,False,
qwen3.8-27b@q4_k_xl,Family 2 — chunk size and strategy within text_only,factual (n=14),chunk200_hybrid,chunk500_bm25,C,abstained,1,0,0,1,0,,False,
qwen3.8-27b@q4_k_xl,Family 2 — chunk size and strategy within text_only,factual (n=14),chunk200_hybrid,chunk500_dense,C,abstained,0,0,0,0,0,,False,
qwen3.8-27b@q4_k_xl,Family 2 — chunk size and strategy within text_only,factual (n=14),chunk200_hybrid,chunk500_hybrid,C,abstained,1,0,0,1,0,,False,
qwen3.8-27b@q4_k_xl,Family 2 — chunk size and strategy within text_only,factual (n=14),chunk500_bm25,chunk500_dense,C,abstained,0,0,0,0,0,,False,
qwen3.8-27b@q4_k_xl,Family 2 — chunk size and strategy within text_only,factual (n=14),chunk500_bm25,chunk500_hybrid,C,abstained,1,0,0,1,0,,False,
qwen3.8-27b@q4_k_xl,Family 2 — chunk size and strategy within text_only,factual (n=14),chunk500_dense,chunk500_hybrid,C,abstained,0,0,0,0,0,,False,
qwen3.8-27b@q4_k_xl,Family 2 — chunk size and strategy within text_only,factual (n=14),chunk200_bm25,chunk200_dense,C,answered_grounded_correct,1,0,0,1,0,,False,
qwen3.8-27b@q4_k_xl,Family 2 — chunk size and strategy within text_only,factual (n=14),chunk200_bm25,chunk200_hybrid,C,answered_grounded_correct,3,0,0,3,0,,False,
qwen3.8-27b@q4_k_xl,Family 2 — chunk size and strategy within text_only,factual (n=14),chunk200_bm25,chunk500_bm25,C,answered_grounded_correct,1,0,0,1,0,,False,
qwen3.8-27b@q4_k_xl,Family 2 — chunk size and strategy within text_only,factual (n=14),chunk200_bm25,chunk500_dense,C,answered_grounded_correct,0,0,0,0,0,,False,
qwen3.8-27b@q4_k_xl,Family 2 — chunk size and strategy within text_only,factual (n=14),chunk200_bm25,chunk500_hybrid,C,answered_grounded_correct,1,0,0,1,0,,False,
qwen3.8-27b@q4_k_xl,Family 2 — chunk size and strategy within text_only,factual (n=14),chunk200_dense,chunk200_hybrid,C,answered_grounded_correct,2,0,0,2,0,,False,
qwen3.8-27b@q4_k_xl,Family 2 — chunk size and strategy within text_only,factual (n=14),chunk200_dense,chunk500_bm25,C,answered_grounded_correct,0,0,0,0,0,,False,
qwen3.8-27b@q4_k_xl,Family 2 — chunk size and strategy within text_only,factual (n=14),chunk200_dense,chunk500_dense,C,answered_grounded_correct,0,0,0,0,0,,False,
qwen3.8-27b@q4_k_xl,Family 2 — chunk size and strategy within text_only,factual (n=14),chunk200_dense,chunk500_hybrid,C,answered_grounded_correct,0,0,0,0,0,,False,
qwen3.8-27b@q4_k_xl,Family 2 — chunk size and strategy within text_only,factual (n=14),chunk200_hybrid,chunk500_bm25,C,answered_grounded_correct,1,0,0,1,0,,False,
qwen3.8-27b@q4_k_xl,Family 2 — chunk size and strategy within text_only,factual (n=14),chunk200_hybrid,chunk500_dense,C,answered_grounded_correct,0,0,0,0,0,,False,
qwen3.8-27b@q4_k_xl,Family 2 — chunk size and strategy within text_only,factual (n=14),chunk200_hybrid,chunk500_hybrid,C,answered_grounded_correct,1,0,0,1,0,,False,
qwen3.8-27b@q4_k_xl,Family 2 — chunk size and strategy within text_only,factual (n=14),chunk500_bm25,chunk500_dense,C,answered_grounded_correct,0,0,0,0,0,,False,
qwen3.8-27b@q4_k_xl,Family 2 — chunk size and strategy within text_only,factual (n=14),chunk500_bm25,chunk500_hybrid,C,answered_grounded_correct,1,0,0,1,0,,False,
qwen3.8-27b@q4_k_xl,Family 2 — chunk size and strategy within text_only,factual (n=14),chunk500_dense,chunk500_hybrid,C,answered_grounded_correct,0,0,0,0,0,,False,
qwen3.8-27b@q4_k_xl,Family 2 — chunk size and strategy within text_only,factual (n=14),chunk200_bm25,chunk200_dense,C,answered_grounded_offtarget,1,0,0,1,0,,False,
qwen3.8-27b@q4_k_xl,Family 2 — chunk size and strategy within text_only,factual (n=14),chunk200_bm25,chunk200_hybrid,C,answered_grounded_offtarget,3,0,0,3,0,,False,
qwen3.8-27b@q4_k_xl,Family 2 — chunk size and strategy within text_only,factual (n=14),chunk200_bm25,chunk500_bm25,C,answered_grounded_offtarget,1,0,0,1,0,,False,
qwen3.8-27b@q4_k_xl,Family 2 — chunk size and strategy within text_only,factual (n=14),chunk200_bm25,chunk500_dense,C,answered_grounded_offtarget,0,0,0,0,0,,False,
qwen3.8-27b@q4_k_xl,Family 2 — chunk size and strategy within text_only,factual (n=14),chunk200_bm25,chunk500_hybrid,C,answered_grounded_offtarget,1,0,0,1,0,,False,
qwen3.8-27b@q4_k_xl,Family 2 — chunk size and strategy within text_only,factual (n=14),chunk200_dense,chunk200_hybrid,C,answered_grounded_offtarget,2,0,0,2,0,,False,
qwen3.8-27b@q4_k_xl,Family 2 — chunk size and strategy within text_only,factual (n=14),chunk200_dense,chunk500_bm25,C,answered_grounded_offtarget,0,0,0,0,0,,False,
qwen3.8-27b@q4_k_xl,Family 2 — chunk size and strategy within text_only,factual (n=14),chunk200_dense,chunk500_dense,C,answered_grounded_offtarget,0,0,0,0,0,,False,
qwen3.8-27b@q4_k_xl,Family 2 — chunk size and strategy within text_only,factual (n=14),chunk200_dense,chunk500_hybrid,C,answered_grounded_offtarget,0,0,0,0,0,,False,
qwen3.8-27b@q4_k_xl,Family 2 — chunk size and strategy within text_only,factual (n=14),chunk200_hybrid,chunk500_bm25,C,answered_grounded_offtarget,1,0,0,1,0,,False,
qwen3.8-27b@q4_k_xl,Family 2 — chunk size and strategy within text_only,factual (n=14),chunk200_hybrid,chunk500_dense,C,answered_grounded_offtarget,0,0,0,0,0,,False,
qwen3.8-27b@q4_k_xl,Family 2 — chunk size and strategy within text_only,factual (n=14),chunk200_hybrid,chunk500_hybrid,C,answered_grounded_offtarget,1,0,0,1,0,,False,
qwen3.8-27b@q4_k_xl,Family 2 — chunk size and strategy within text_only,factual (n=14),chunk500_bm25,chunk500_dense,C,answered_grounded_offtarget,0,0,0,0,0,,False,
qwen3.8-27b@q4_k_xl,Family 2 — chunk size and strategy within text_only,factual (n=14),chunk500_bm25,chunk500_hybrid,C,answered_grounded_offtarget,1,0,0,1,0,,False,
qwen3.8-27b@q4_k_xl,Family 2 — chunk size and strategy within text_only,factual (n=14),chunk500_dense,chunk500_hybrid,C,answered_grounded_offtarget,0,0,0,0,0,,False,
qwen3.8-27b@q4_k_xl,Family 2 — chunk size and strategy within text_only,factual (n=14),chunk200_bm25,chunk200_dense,C,answered_ungrounded,1,0,0,1,0,,False,
qwen3.8-27b@q4_k_xl,Family 2 — chunk size and strategy within text_only,factual (n=14),chunk200_bm25,chunk200_hybrid,C,answered_ungrounded,3,0,0,3,0,,False,
qwen3.8-27b@q4_k_xl,Family 2 — chunk size and strategy within text_only,factual (n=14),chunk200_bm25,chunk500_bm25,C,answered_ungrounded,1,0,0,1,0,,False,
qwen3.8-27b@q4_k_xl,Family 2 — chunk size and strategy within text_only,factual (n=14),chunk200_bm25,chunk500_dense,C,answered_ungrounded,0,0,0,0,0,,False,
qwen3.8-27b@q4_k_xl,Family 2 — chunk size and strategy within text_only,factual (n=14),chunk200_bm25,chunk500_hybrid,C,answered_ungrounded,1,0,0,1,0,,False,
qwen3.8-27b@q4_k_xl,Family 2 — chunk size and strategy within text_only,factual (n=14),chunk200_dense,chunk200_hybrid,C,answered_ungrounded,2,0,0,2,0,,False,
qwen3.8-27b@q4_k_xl,Family 2 — chunk size and strategy within text_only,factual (n=14),chunk200_dense,chunk500_bm25,C,answered_ungrounded,0,0,0,0,0,,False,
qwen3.8-27b@q4_k_xl,Family 2 — chunk size and strategy within text_only,factual (n=14),chunk200_dense,chunk500_dense,C,answered_ungrounded,0,0,0,0,0,,False,
qwen3.8-27b@q4_k_xl,Family 2 — chunk size and strategy within text_only,factual (n=14),chunk200_dense,chunk500_hybrid,C,answered_ungrounded,0,0,0,0,0,,False,
qwen3.8-27b@q4_k_xl,Family 2 — chunk size and strategy within text_only,factual (n=14),chunk200_hybrid,chunk500_bm25,C,answered_ungrounded,1,0,0,1,0,,False,
qwen3.8-27b@q4_k_xl,Family 2 — chunk size and strategy within text_only,factual (n=14),chunk200_hybrid,chunk500_dense,C,answered_ungrounded,0,0,0,0,0,,False,
qwen3.8-27b@q4_k_xl,Family 2 — chunk size and strategy within text_only,factual (n=14),chunk200_hybrid,chunk500_hybrid,C,answered_ungrounded,1,0,0,1,0,,False,
qwen3.8-27b@q4_k_xl,Family 2 — chunk size and strategy within text_only,factual (n=14),chunk500_bm25,chunk500_dense,C,answered_ungrounded,0,0,0,0,0,,False,
qwen3.8-27b@q4_k_xl,Family 2 — chunk size and strategy within text_only,factual (n=14),chunk500_bm25,chunk500_hybrid,C,answered_ungrounded,1,0,0,1,0,,False,
qwen3.8-27b@q4_k_xl,Family 2 — chunk size and strategy within text_only,factual (n=14),chunk500_dense,chunk500_hybrid,C,answered_ungrounded,0,0,0,0,0,,False,
qwen3.8-27b@q4_k_xl,Family 2 — chunk size and strategy within text_only,thematic (n=15),chunk200_bm25,chunk200_dense,B,abstained,12,1,0,11,1,1.0,True,1.0
qwen3.8-27b@q4_k_xl,Family 2 — chunk size and strategy within text_only,thematic (n=15),chunk200_bm25,chunk200_hybrid,B,abstained,12,1,0,11,1,1.0,True,1.0
qwen3.8-27b@q4_k_xl,Family 2 — chunk size and strategy within text_only,thematic (n=15),chunk200_bm25,chunk500_bm25,B,abstained,13,2,2,9,4,1.0,True,1.0
qwen3.8-27b@q4_k_xl,Family 2 — chunk size and strategy within text_only,thematic (n=15),chunk200_bm25,chunk500_dense,B,abstained,12,1,1,10,2,1.0,True,1.0
qwen3.8-27b@q4_k_xl,Family 2 — chunk size and strategy within text_only,thematic (n=15),chunk200_bm25,chunk500_hybrid,B,abstained,12,1,0,11,1,1.0,True,1.0
qwen3.8-27b@q4_k_xl,Family 2 — chunk size and strategy within text_only,thematic (n=15),chunk200_dense,chunk200_hybrid,B,abstained,12,0,1,11,1,1.0,True,1.0
qwen3.8-27b@q4_k_xl,Family 2 — chunk size and strategy within text_only,thematic (n=15),chunk200_dense,chunk500_bm25,B,abstained,12,1,2,9,3,1.0,True,1.0
qwen3.8-27b@q4_k_xl,Family 2 — chunk size and strategy within text_only,thematic (n=15),chunk200_dense,chunk500_dense,B,abstained,11,0,2,9,2,0.5,True,1.0
qwen3.8-27b@q4_k_xl,Family 2 — chunk size and strategy within text_only,thematic (n=15),chunk200_dense,chunk500_hybrid,B,abstained,11,0,1,10,1,1.0,True,1.0
qwen3.8-27b@q4_k_xl,Family 2 — chunk size and strategy within text_only,thematic (n=15),chunk200_hybrid,chunk500_bm25,B,abstained,12,2,3,7,5,1.0,True,1.0
qwen3.8-27b@q4_k_xl,Family 2 — chunk size and strategy within text_only,thematic (n=15),chunk200_hybrid,chunk500_dense,B,abstained,11,0,1,10,1,1.0,True,1.0
qwen3.8-27b@q4_k_xl,Family 2 — chunk size and strategy within text_only,thematic (n=15),chunk200_hybrid,chunk500_hybrid,B,abstained,12,0,0,12,0,,False,
qwen3.8-27b@q4_k_xl,Family 2 — chunk size and strategy within text_only,thematic (n=15),chunk500_bm25,chunk500_dense,B,abstained,12,2,1,9,3,1.0,True,1.0
qwen3.8-27b@q4_k_xl,Family 2 — chunk size and strategy within text_only,thematic (n=15),chunk500_bm25,chunk500_hybrid,B,abstained,12,3,2,7,5,1.0,True,1.0
qwen3.8-27b@q4_k_xl,Family 2 — chunk size and strategy within text_only,thematic (n=15),chunk500_dense,chunk500_hybrid,B,abstained,11,1,0,10,1,1.0,True,1.0
qwen3.8-27b@q4_k_xl,Family 2 — chunk size and strategy within text_only,thematic (n=15),chunk200_bm25,chunk200_dense,B,answered_grounded_correct,12,0,0,12,0,,False,
qwen3.8-27b@q4_k_xl,Family 2 — chunk size and strategy within text_only,thematic (n=15),chunk200_bm25,chunk200_hybrid,B,answered_grounded_correct,12,0,0,12,0,,False,
qwen3.8-27b@q4_k_xl,Family 2 — chunk size and strategy within text_only,thematic (n=15),chunk200_bm25,chunk500_bm25,B,answered_grounded_correct,13,0,1,12,1,1.0,True,1.0
qwen3.8-27b@q4_k_xl,Family 2 — chunk size and strategy within text_only,thematic (n=15),chunk200_bm25,chunk500_dense,B,answered_grounded_correct,12,0,0,12,0,,False,
qwen3.8-27b@q4_k_xl,Family 2 — chunk size and strategy within text_only,thematic (n=15),chunk200_bm25,chunk500_hybrid,B,answered_grounded_correct,12,0,0,12,0,,False,
qwen3.8-27b@q4_k_xl,Family 2 — chunk size and strategy within text_only,thematic (n=15),chunk200_dense,chunk200_hybrid,B,answered_grounded_correct,12,0,0,12,0,,False,
qwen3.8-27b@q4_k_xl,Family 2 — chunk size and strategy within text_only,thematic (n=15),chunk200_dense,chunk500_bm25,B,answered_grounded_correct,12,0,1,11,1,1.0,True,1.0
qwen3.8-27b@q4_k_xl,Family 2 — chunk size and strategy within text_only,thematic (n=15),chunk200_dense,chunk500_dense,B,answered_grounded_correct,11,0,0,11,0,,False,
qwen3.8-27b@q4_k_xl,Family 2 — chunk size and strategy within text_only,thematic (n=15),chunk200_dense,chunk500_hybrid,B,answered_grounded_correct,11,0,0,11,0,,False,
qwen3.8-27b@q4_k_xl,Family 2 — chunk size and strategy within text_only,thematic (n=15),chunk200_hybrid,chunk500_bm25,B,answered_grounded_correct,12,0,1,11,1,1.0,True,1.0
qwen3.8-27b@q4_k_xl,Family 2 — chunk size and strategy within text_only,thematic (n=15),chunk200_hybrid,chunk500_dense,B,answered_grounded_correct,11,0,0,11,0,,False,
qwen3.8-27b@q4_k_xl,Family 2 — chunk size and strategy within text_only,thematic (n=15),chunk200_hybrid,chunk500_hybrid,B,answered_grounded_correct,12,0,0,12,0,,False,
qwen3.8-27b@q4_k_xl,Family 2 — chunk size and strategy within text_only,thematic (n=15),chunk500_bm25,chunk500_dense,B,answered_grounded_correct,12,1,0,11,1,1.0,True,1.0
qwen3.8-27b@q4_k_xl,Family 2 — chunk size and strategy within text_only,thematic (n=15),chunk500_bm25,chunk500_hybrid,B,answered_grounded_correct,12,1,0,11,1,1.0,True,1.0
qwen3.8-27b@q4_k_xl,Family 2 — chunk size and strategy within text_only,thematic (n=15),chunk500_dense,chunk500_hybrid,B,answered_grounded_correct,11,0,0,11,0,,False,
qwen3.8-27b@q4_k_xl,Family 2 — chunk size and strategy within text_only,thematic (n=15),chunk200_bm25,chunk200_dense,B,answered_grounded_offtarget,12,0,1,11,1,1.0,True,1.0
qwen3.8-27b@q4_k_xl,Family 2 — chunk size and strategy within text_only,thematic (n=15),chunk200_bm25,chunk200_hybrid,B,answered_grounded_offtarget,12,1,1,10,2,1.0,True,1.0
qwen3.8-27b@q4_k_xl,Family 2 — chunk size and strategy within text_only,thematic (n=15),chunk200_bm25,chunk500_bm25,B,answered_grounded_offtarget,13,3,2,8,5,1.0,True,1.0
qwen3.8-27b@q4_k_xl,Family 2 — chunk size and strategy within text_only,thematic (n=15),chunk200_bm25,chunk500_dense,B,answered_grounded_offtarget,12,1,1,10,2,1.0,True,1.0
qwen3.8-27b@q4_k_xl,Family 2 — chunk size and strategy within text_only,thematic (n=15),chunk200_bm25,chunk500_hybrid,B,answered_grounded_offtarget,12,0,0,12,0,,False,
qwen3.8-27b@q4_k_xl,Family 2 — chunk size and strategy within text_only,thematic (n=15),chunk200_dense,chunk200_hybrid,B,answered_grounded_offtarget,12,2,0,10,2,0.5,True,1.0
qwen3.8-27b@q4_k_xl,Family 2 — chunk size and strategy within text_only,thematic (n=15),chunk200_dense,chunk500_bm25,B,answered_grounded_offtarget,12,3,1,8,4,0.625,True,1.0
qwen3.8-27b@q4_k_xl,Family 2 — chunk size and strategy within text_only,thematic (n=15),chunk200_dense,chunk500_dense,B,answered_grounded_offtarget,11,2,0,9,2,0.5,True,1.0
qwen3.8-27b@q4_k_xl,Family 2 — chunk size and strategy within text_only,thematic (n=15),chunk200_dense,chunk500_hybrid,B,answered_grounded_offtarget,11,1,0,10,1,1.0,True,1.0
qwen3.8-27b@q4_k_xl,Family 2 — chunk size and strategy within text_only,thematic (n=15),chunk200_hybrid,chunk500_bm25,B,answered_grounded_offtarget,12,3,2,7,5,1.0,True,1.0
qwen3.8-27b@q4_k_xl,Family 2 — chunk size and strategy within text_only,thematic (n=15),chunk200_hybrid,chunk500_dense,B,answered_grounded_offtarget,11,0,0,11,0,,False,
qwen3.8-27b@q4_k_xl,Family 2 — chunk size and strategy within text_only,thematic (n=15),chunk200_hybrid,chunk500_hybrid,B,answered_grounded_offtarget,12,1,1,10,2,1.0,True,1.0
qwen3.8-27b@q4_k_xl,Family 2 — chunk size and strategy within text_only,thematic (n=15),chunk500_bm25,chunk500_dense,B,answered_grounded_offtarget,12,1,3,8,4,0.625,True,1.0
qwen3.8-27b@q4_k_xl,Family 2 — chunk size and strategy within text_only,thematic (n=15),chunk500_bm25,chunk500_hybrid,B,answered_grounded_offtarget,12,2,3,7,5,1.0,True,1.0
qwen3.8-27b@q4_k_xl,Family 2 — chunk size and strategy within text_only,thematic (n=15),chunk500_dense,chunk500_hybrid,B,answered_grounded_offtarget,11,1,1,9,2,1.0,True,1.0
qwen3.8-27b@q4_k_xl,Family 2 — chunk size and strategy within text_only,thematic (n=15),chunk200_bm25,chunk200_dense,B,answered_ungrounded,12,0,0,12,0,,False,
qwen3.8-27b@q4_k_xl,Family 2 — chunk size and strategy within text_only,thematic (n=15),chunk200_bm25,chunk200_hybrid,B,answered_ungrounded,12,0,1,11,1,1.0,True,1.0
qwen3.8-27b@q4_k_xl,Family 2 — chunk size and strategy within text_only,thematic (n=15),chunk200_bm25,chunk500_bm25,B,answered_ungrounded,13,0,0,13,0,,False,
qwen3.8-27b@q4_k_xl,Family 2 — chunk size and strategy within text_only,thematic (n=15),chunk200_bm25,chunk500_dense,B,answered_ungrounded,12,0,0,12,0,,False,
qwen3.8-27b@q4_k_xl,Family 2 — chunk size and strategy within text_only,thematic (n=15),chunk200_bm25,chunk500_hybrid,B,answered_ungrounded,12,0,1,11,1,1.0,True,1.0
qwen3.8-27b@q4_k_xl,Family 2 — chunk size and strategy within text_only,thematic (n=15),chunk200_dense,chunk200_hybrid,B,answered_ungrounded,12,0,1,11,1,1.0,True,1.0
qwen3.8-27b@q4_k_xl,Family 2 — chunk size and strategy within text_only,thematic (n=15),chunk200_dense,chunk500_bm25,B,answered_ungrounded,12,0,0,12,0,,False,
qwen3.8-27b@q4_k_xl,Family 2 — chunk size and strategy within text_only,thematic (n=15),chunk200_dense,chunk500_dense,B,answered_ungrounded,11,0,0,11,0,,False,
qwen3.8-27b@q4_k_xl,Family 2 — chunk size and strategy within text_only,thematic (n=15),chunk200_dense,chunk500_hybrid,B,answered_ungrounded,11,0,0,11,0,,False,
qwen3.8-27b@q4_k_xl,Family 2 — chunk size and strategy within text_only,thematic (n=15),chunk200_hybrid,chunk500_bm25,B,answered_ungrounded,12,1,0,11,1,1.0,True,1.0
qwen3.8-27b@q4_k_xl,Family 2 — chunk size and strategy within text_only,thematic (n=15),chunk200_hybrid,chunk500_dense,B,answered_ungrounded,11,1,0,10,1,1.0,True,1.0
qwen3.8-27b@q4_k_xl,Family 2 — chunk size and strategy within text_only,thematic (n=15),chunk200_hybrid,chunk500_hybrid,B,answered_ungrounded,12,1,1,10,2,1.0,True,1.0
qwen3.8-27b@q4_k_xl,Family 2 — chunk size and strategy within text_only,thematic (n=15),chunk500_bm25,chunk500_dense,B,answered_ungrounded,12,0,0,12,0,,False,
qwen3.8-27b@q4_k_xl,Family 2 — chunk size and strategy within text_only,thematic (n=15),chunk500_bm25,chunk500_hybrid,B,answered_ungrounded,12,0,1,11,1,1.0,True,1.0
qwen3.8-27b@q4_k_xl,Family 2 — chunk size and strategy within text_only,thematic (n=15),chunk500_dense,chunk500_hybrid,B,answered_ungrounded,11,0,1,10,1,1.0,True,1.0
qwen3.8-27b@q4_k_xl,Family 2 — chunk size and strategy within text_only,thematic (n=15),chunk200_bm25,chunk200_dense,C,abstained,1,0,0,1,0,,False,
qwen3.8-27b@q4_k_xl,Family 2 — chunk size and strategy within text_only,thematic (n=15),chunk200_bm25,chunk200_hybrid,C,abstained,1,0,0,1,0,,False,
qwen3.8-27b@q4_k_xl,Family 2 — chunk size and strategy within text_only,thematic (n=15),chunk200_bm25,chunk500_bm25,C,abstained,1,0,0,1,0,,False,
qwen3.8-27b@q4_k_xl,Family 2 — chunk size and strategy within text_only,thematic (n=15),chunk200_bm25,chunk500_dense,C,abstained,2,0,0,2,0,,False,
qwen3.8-27b@q4_k_xl,Family 2 — chunk size and strategy within text_only,thematic (n=15),chunk200_bm25,chunk500_hybrid,C,abstained,2,0,0,2,0,,False,
qwen3.8-27b@q4_k_xl,Family 2 — chunk size and strategy within text_only,thematic (n=15),chunk200_dense,chunk200_hybrid,C,abstained,1,0,0,1,0,,False,
qwen3.8-27b@q4_k_xl,Family 2 — chunk size and strategy within text_only,thematic (n=15),chunk200_dense,chunk500_bm25,C,abstained,0,0,0,0,0,,False,
qwen3.8-27b@q4_k_xl,Family 2 — chunk size and strategy within text_only,thematic (n=15),chunk200_dense,chunk500_dense,C,abstained,1,0,0,1,0,,False,
qwen3.8-27b@q4_k_xl,Family 2 — chunk size and strategy within text_only,thematic (n=15),chunk200_dense,chunk500_hybrid,C,abstained,1,0,0,1,0,,False,
qwen3.8-27b@q4_k_xl,Family 2 — chunk size and strategy within text_only,thematic (n=15),chunk200_hybrid,chunk500_bm25,C,abstained,0,0,0,0,0,,False,
qwen3.8-27b@q4_k_xl,Family 2 — chunk size and strategy within text_only,thematic (n=15),chunk200_hybrid,chunk500_dense,C,abstained,1,0,0,1,0,,False,
qwen3.8-27b@q4_k_xl,Family 2 — chunk size and strategy within text_only,thematic (n=15),chunk200_hybrid,chunk500_hybrid,C,abstained,2,0,0,2,0,,False,
qwen3.8-27b@q4_k_xl,Family 2 — chunk size and strategy within text_only,thematic (n=15),chunk500_bm25,chunk500_dense,C,abstained,1,0,0,1,0,,False,
qwen3.8-27b@q4_k_xl,Family 2 — chunk size and strategy within text_only,thematic (n=15),chunk500_bm25,chunk500_hybrid,C,abstained,1,0,0,1,0,,False,
qwen3.8-27b@q4_k_xl,Family 2 — chunk size and strategy within text_only,thematic (n=15),chunk500_dense,chunk500_hybrid,C,abstained,2,0,0,2,0,,False,
qwen3.8-27b@q4_k_xl,Family 2 — chunk size and strategy within text_only,thematic (n=15),chunk200_bm25,chunk200_dense,C,answered_grounded_correct,1,0,0,1,0,,False,
qwen3.8-27b@q4_k_xl,Family 2 — chunk size and strategy within text_only,thematic (n=15),chunk200_bm25,chunk200_hybrid,C,answered_grounded_correct,1,0,0,1,0,,False,
qwen3.8-27b@q4_k_xl,Family 2 — chunk size and strategy within text_only,thematic (n=15),chunk200_bm25,chunk500_bm25,C,answered_grounded_correct,1,1,0,0,1,1.0,True,1.0
qwen3.8-27b@q4_k_xl,Family 2 — chunk size and strategy within text_only,thematic (n=15),chunk200_bm25,chunk500_dense,C,answered_grounded_correct,2,0,0,2,0,,False,
qwen3.8-27b@q4_k_xl,Family 2 — chunk size and strategy within text_only,thematic (n=15),chunk200_bm25,chunk500_hybrid,C,answered_grounded_correct,2,0,0,2,0,,False,
qwen3.8-27b@q4_k_xl,Family 2 — chunk size and strategy within text_only,thematic (n=15),chunk200_dense,chunk200_hybrid,C,answered_grounded_correct,1,0,0,1,0,,False,
qwen3.8-27b@q4_k_xl,Family 2 — chunk size and strategy within text_only,thematic (n=15),chunk200_dense,chunk500_bm25,C,answered_grounded_correct,0,0,0,0,0,,False,
qwen3.8-27b@q4_k_xl,Family 2 — chunk size and strategy within text_only,thematic (n=15),chunk200_dense,chunk500_dense,C,answered_grounded_correct,1,0,0,1,0,,False,
qwen3.8-27b@q4_k_xl,Family 2 — chunk size and strategy within text_only,thematic (n=15),chunk200_dense,chunk500_hybrid,C,answered_grounded_correct,1,0,0,1,0,,False,
qwen3.8-27b@q4_k_xl,Family 2 — chunk size and strategy within text_only,thematic (n=15),chunk200_hybrid,chunk500_bm25,C,answered_grounded_correct,0,0,0,0,0,,False,
qwen3.8-27b@q4_k_xl,Family 2 — chunk size and strategy within text_only,thematic (n=15),chunk200_hybrid,chunk500_dense,C,answered_grounded_correct,1,0,0,1,0,,False,
qwen3.8-27b@q4_k_xl,Family 2 — chunk size and strategy within text_only,thematic (n=15),chunk200_hybrid,chunk500_hybrid,C,answered_grounded_correct,2,0,0,2,0,,False,
qwen3.8-27b@q4_k_xl,Family 2 — chunk size and strategy within text_only,thematic (n=15),chunk500_bm25,chunk500_dense,C,answered_grounded_correct,1,0,1,0,1,1.0,True,1.0
qwen3.8-27b@q4_k_xl,Family 2 — chunk size and strategy within text_only,thematic (n=15),chunk500_bm25,chunk500_hybrid,C,answered_grounded_correct,1,0,1,0,1,1.0,True,1.0
qwen3.8-27b@q4_k_xl,Family 2 — chunk size and strategy within text_only,thematic (n=15),chunk500_dense,chunk500_hybrid,C,answered_grounded_correct,2,0,0,2,0,,False,
qwen3.8-27b@q4_k_xl,Family 2 — chunk size and strategy within text_only,thematic (n=15),chunk200_bm25,chunk200_dense,C,answered_grounded_offtarget,1,0,0,1,0,,False,
qwen3.8-27b@q4_k_xl,Family 2 — chunk size and strategy within text_only,thematic (n=15),chunk200_bm25,chunk200_hybrid,C,answered_grounded_offtarget,1,0,0,1,0,,False,
qwen3.8-27b@q4_k_xl,Family 2 — chunk size and strategy within text_only,thematic (n=15),chunk200_bm25,chunk500_bm25,C,answered_grounded_offtarget,1,0,1,0,1,1.0,True,1.0
qwen3.8-27b@q4_k_xl,Family 2 — chunk size and strategy within text_only,thematic (n=15),chunk200_bm25,chunk500_dense,C,answered_grounded_offtarget,2,0,0,2,0,,False,
qwen3.8-27b@q4_k_xl,Family 2 — chunk size and strategy within text_only,thematic (n=15),chunk200_bm25,chunk500_hybrid,C,answered_grounded_offtarget,2,0,0,2,0,,False,
qwen3.8-27b@q4_k_xl,Family 2 — chunk size and strategy within text_only,thematic (n=15),chunk200_dense,chunk200_hybrid,C,answered_grounded_offtarget,1,0,0,1,0,,False,
qwen3.8-27b@q4_k_xl,Family 2 — chunk size and strategy within text_only,thematic (n=15),chunk200_dense,chunk500_bm25,C,answered_grounded_offtarget,0,0,0,0,0,,False,
qwen3.8-27b@q4_k_xl,Family 2 — chunk size and strategy within text_only,thematic (n=15),chunk200_dense,chunk500_dense,C,answered_grounded_offtarget,1,0,0,1,0,,False,
qwen3.8-27b@q4_k_xl,Family 2 — chunk size and strategy within text_only,thematic (n=15),chunk200_dense,chunk500_hybrid,C,answered_grounded_offtarget,1,0,0,1,0,,False,
qwen3.8-27b@q4_k_xl,Family 2 — chunk size and strategy within text_only,thematic (n=15),chunk200_hybrid,chunk500_bm25,C,answered_grounded_offtarget,0,0,0,0,0,,False,
qwen3.8-27b@q4_k_xl,Family 2 — chunk size and strategy within text_only,thematic (n=15),chunk200_hybrid,chunk500_dense,C,answered_grounded_offtarget,1,0,0,1,0,,False,
qwen3.8-27b@q4_k_xl,Family 2 — chunk size and strategy within text_only,thematic (n=15),chunk200_hybrid,chunk500_hybrid,C,answered_grounded_offtarget,2,0,0,2,0,,False,
qwen3.8-27b@q4_k_xl,Family 2 — chunk size and strategy within text_only,thematic (n=15),chunk500_bm25,chunk500_dense,C,answered_grounded_offtarget,1,1,0,0,1,1.0,True,1.0
qwen3.8-27b@q4_k_xl,Family 2 — chunk size and strategy within text_only,thematic (n=15),chunk500_bm25,chunk500_hybrid,C,answered_grounded_offtarget,1,1,0,0,1,1.0,True,1.0
qwen3.8-27b@q4_k_xl,Family 2 — chunk size and strategy within text_only,thematic (n=15),chunk500_dense,chunk500_hybrid,C,answered_grounded_offtarget,2,0,0,2,0,,False,
qwen3.8-27b@q4_k_xl,Family 2 — chunk size and strategy within text_only,thematic (n=15),chunk200_bm25,chunk200_dense,C,answered_ungrounded,1,0,0,1,0,,False,
qwen3.8-27b@q4_k_xl,Family 2 — chunk size and strategy within text_only,thematic (n=15),chunk200_bm25,chunk200_hybrid,C,answered_ungrounded,1,0,0,1,0,,False,
qwen3.8-27b@q4_k_xl,Family 2 — chunk size and strategy within text_only,thematic (n=15),chunk200_bm25,chunk500_bm25,C,answered_ungrounded,1,0,0,1,0,,False,
qwen3.8-27b@q4_k_xl,Family 2 — chunk size and strategy within text_only,thematic (n=15),chunk200_bm25,chunk500_dense,C,answered_ungrounded,2,0,0,2,0,,False,
qwen3.8-27b@q4_k_xl,Family 2 — chunk size and strategy within text_only,thematic (n=15),chunk200_bm25,chunk500_hybrid,C,answered_ungrounded,2,0,0,2,0,,False,
qwen3.8-27b@q4_k_xl,Family 2 — chunk size and strategy within text_only,thematic (n=15),chunk200_dense,chunk200_hybrid,C,answered_ungrounded,1,0,0,1,0,,False,
qwen3.8-27b@q4_k_xl,Family 2 — chunk size and strategy within text_only,thematic (n=15),chunk200_dense,chunk500_bm25,C,answered_ungrounded,0,0,0,0,0,,False,
qwen3.8-27b@q4_k_xl,Family 2 — chunk size and strategy within text_only,thematic (n=15),chunk200_dense,chunk500_dense,C,answered_ungrounded,1,0,0,1,0,,False,
qwen3.8-27b@q4_k_xl,Family 2 — chunk size and strategy within text_only,thematic (n=15),chunk200_dense,chunk500_hybrid,C,answered_ungrounded,1,0,0,1,0,,False,
qwen3.8-27b@q4_k_xl,Family 2 — chunk size and strategy within text_only,thematic (n=15),chunk200_hybrid,chunk500_bm25,C,answered_ungrounded,0,0,0,0,0,,False,
qwen3.8-27b@q4_k_xl,Family 2 — chunk size and strategy within text_only,thematic (n=15),chunk200_hybrid,chunk500_dense,C,answered_ungrounded,1,0,0,1,0,,False,
qwen3.8-27b@q4_k_xl,Family 2 — chunk size and strategy within text_only,thematic (n=15),chunk200_hybrid,chunk500_hybrid,C,answered_ungrounded,2,0,0,2,0,,False,
qwen3.8-27b@q4_k_xl,Family 2 — chunk size and strategy within text_only,thematic (n=15),chunk500_bm25,chunk500_dense,C,answered_ungrounded,1,0,0,1,0,,False,
qwen3.8-27b@q4_k_xl,Family 2 — chunk size and strategy within text_only,thematic (n=15),chunk500_bm25,chunk500_hybrid,C,answered_ungrounded,1,0,0,1,0,,False,
qwen3.8-27b@q4_k_xl,Family 2 — chunk size and strategy within text_only,thematic (n=15),chunk500_dense,chunk500_hybrid,C,answered_ungrounded,2,0,0,2,0,,False,
qwen3.8-27b@q4_k_xl,Family 2 — chunk size and strategy within text_only,comparative (n=11),chunk200_bm25,chunk200_dense,B,abstained,9,0,1,8,1,1.0,True,1.0
qwen3.8-27b@q4_k_xl,Family 2 — chunk size and strategy within text_only,comparative (n=11),chunk200_bm25,chunk200_hybrid,B,abstained,8,1,1,6,2,1.0,True,1.0
qwen3.8-27b@q4_k_xl,Family 2 — chunk size and strategy within text_only,comparative (n=11),chunk200_bm25,chunk500_bm25,B,abstained,7,0,0,7,0,,False,
qwen3.8-27b@q4_k_xl,Family 2 — chunk size and strategy within text_only,comparative (n=11),chunk200_bm25,chunk500_dense,B,abstained,7,1,0,6,1,1.0,True,1.0
qwen3.8-27b@q4_k_xl,Family 2 — chunk size and strategy within text_only,comparative (n=11),chunk200_bm25,chunk500_hybrid,B,abstained,7,0,0,7,0,,False,
qwen3.8-27b@q4_k_xl,Family 2 — chunk size and strategy within text_only,comparative (n=11),chunk200_dense,chunk200_hybrid,B,abstained,8,1,0,7,1,1.0,True,1.0
qwen3.8-27b@q4_k_xl,Family 2 — chunk size and strategy within text_only,comparative (n=11),chunk200_dense,chunk500_bm25,B,abstained,7,0,0,7,0,,False,
qwen3.8-27b@q4_k_xl,Family 2 — chunk size and strategy within text_only,comparative (n=11),chunk200_dense,chunk500_dense,B,abstained,7,2,0,5,2,0.5,True,1.0
qwen3.8-27b@q4_k_xl,Family 2 — chunk size and strategy within text_only,comparative (n=11),chunk200_dense,chunk500_hybrid,B,abstained,7,1,0,6,1,1.0,True,1.0
qwen3.8-27b@q4_k_xl,Family 2 — chunk size and strategy within text_only,comparative (n=11),chunk200_hybrid,chunk500_bm25,B,abstained,6,0,1,5,1,1.0,True,1.0
qwen3.8-27b@q4_k_xl,Family 2 — chunk size and strategy within text_only,comparative (n=11),chunk200_hybrid,chunk500_dense,B,abstained,7,2,1,4,3,1.0,True,1.0
qwen3.8-27b@q4_k_xl,Family 2 — chunk size and strategy within text_only,comparative (n=11),chunk200_hybrid,chunk500_hybrid,B,abstained,7,1,1,5,2,1.0,True,1.0
qwen3.8-27b@q4_k_xl,Family 2 — chunk size and strategy within text_only,comparative (n=11),chunk500_bm25,chunk500_dense,B,abstained,6,1,0,5,1,1.0,True,1.0
qwen3.8-27b@q4_k_xl,Family 2 — chunk size and strategy within text_only,comparative (n=11),chunk500_bm25,chunk500_hybrid,B,abstained,6,0,0,6,0,,False,
qwen3.8-27b@q4_k_xl,Family 2 — chunk size and strategy within text_only,comparative (n=11),chunk500_dense,chunk500_hybrid,B,abstained,7,0,1,6,1,1.0,True,1.0
qwen3.8-27b@q4_k_xl,Family 2 — chunk size and strategy within text_only,comparative (n=11),chunk200_bm25,chunk200_dense,B,answered_grounded_correct,9,0,0,9,0,,False,
qwen3.8-27b@q4_k_xl,Family 2 — chunk size and strategy within text_only,comparative (n=11),chunk200_bm25,chunk200_hybrid,B,answered_grounded_correct,8,0,0,8,0,,False,
qwen3.8-27b@q4_k_xl,Family 2 — chunk size and strategy within text_only,comparative (n=11),chunk200_bm25,chunk500_bm25,B,answered_grounded_correct,7,0,0,7,0,,False,
qwen3.8-27b@q4_k_xl,Family 2 — chunk size and strategy within text_only,comparative (n=11),chunk200_bm25,chunk500_dense,B,answered_grounded_correct,7,0,2,5,2,0.5,True,1.0
qwen3.8-27b@q4_k_xl,Family 2 — chunk size and strategy within text_only,comparative (n=11),chunk200_bm25,chunk500_hybrid,B,answered_grounded_correct,7,0,0,7,0,,False,
qwen3.8-27b@q4_k_xl,Family 2 — chunk size and strategy within text_only,comparative (n=11),chunk200_dense,chunk200_hybrid,B,answered_grounded_correct,8,0,0,8,0,,False,
qwen3.8-27b@q4_k_xl,Family 2 — chunk size and strategy within text_only,comparative (n=11),chunk200_dense,chunk500_bm25,B,answered_grounded_correct,7,0,0,7,0,,False,
qwen3.8-27b@q4_k_xl,Family 2 — chunk size and strategy within text_only,comparative (n=11),chunk200_dense,chunk500_dense,B,answered_grounded_correct,7,0,2,5,2,0.5,True,1.0
qwen3.8-27b@q4_k_xl,Family 2 — chunk size and strategy within text_only,comparative (n=11),chunk200_dense,chunk500_hybrid,B,answered_grounded_correct,7,0,0,7,0,,False,
qwen3.8-27b@q4_k_xl,Family 2 — chunk size and strategy within text_only,comparative (n=11),chunk200_hybrid,chunk500_bm25,B,answered_grounded_correct,6,0,0,6,0,,False,
qwen3.8-27b@q4_k_xl,Family 2 — chunk size and strategy within text_only,comparative (n=11),chunk200_hybrid,chunk500_dense,B,answered_grounded_correct,7,0,2,5,2,0.5,True,1.0
qwen3.8-27b@q4_k_xl,Family 2 — chunk size and strategy within text_only,comparative (n=11),chunk200_hybrid,chunk500_hybrid,B,answered_grounded_correct,7,0,0,7,0,,False,
qwen3.8-27b@q4_k_xl,Family 2 — chunk size and strategy within text_only,comparative (n=11),chunk500_bm25,chunk500_dense,B,answered_grounded_correct,6,0,1,5,1,1.0,True,1.0
qwen3.8-27b@q4_k_xl,Family 2 — chunk size and strategy within text_only,comparative (n=11),chunk500_bm25,chunk500_hybrid,B,answered_grounded_correct,6,0,0,6,0,,False,
qwen3.8-27b@q4_k_xl,Family 2 — chunk size and strategy within text_only,comparative (n=11),chunk500_dense,chunk500_hybrid,B,answered_grounded_correct,7,2,0,5,2,0.5,True,1.0
qwen3.8-27b@q4_k_xl,Family 2 — chunk size and strategy within text_only,comparative (n=11),chunk200_bm25,chunk200_dense,B,answered_grounded_offtarget,9,1,0,8,1,1.0,True,1.0
qwen3.8-27b@q4_k_xl,Family 2 — chunk size and strategy within text_only,comparative (n=11),chunk200_bm25,chunk200_hybrid,B,answered_grounded_offtarget,8,1,1,6,2,1.0,True,1.0
qwen3.8-27b@q4_k_xl,Family 2 — chunk size and strategy within text_only,comparative (n=11),chunk200_bm25,chunk500_bm25,B,answered_grounded_offtarget,7,0,0,7,0,,False,
qwen3.8-27b@q4_k_xl,Family 2 — chunk size and strategy within text_only,comparative (n=11),chunk200_bm25,chunk500_dense,B,answered_grounded_offtarget,7,1,0,6,1,1.0,True,1.0
qwen3.8-27b@q4_k_xl,Family 2 — chunk size and strategy within text_only,comparative (n=11),chunk200_bm25,chunk500_hybrid,B,answered_grounded_offtarget,7,0,0,7,0,,False,
qwen3.8-27b@q4_k_xl,Family 2 — chunk size and strategy within text_only,comparative (n=11),chunk200_dense,chunk200_hybrid,B,answered_grounded_offtarget,8,0,1,7,1,1.0,True,1.0
qwen3.8-27b@q4_k_xl,Family 2 — chunk size and strategy within text_only,comparative (n=11),chunk200_dense,chunk500_bm25,B,answered_grounded_offtarget,7,0,0,7,0,,False,
qwen3.8-27b@q4_k_xl,Family 2 — chunk size and strategy within text_only,comparative (n=11),chunk200_dense,chunk500_dense,B,answered_grounded_offtarget,7,0,0,7,0,,False,
qwen3.8-27b@q4_k_xl,Family 2 — chunk size and strategy within text_only,comparative (n=11),chunk200_dense,chunk500_hybrid,B,answered_grounded_offtarget,7,0,1,6,1,1.0,True,1.0
qwen3.8-27b@q4_k_xl,Family 2 — chunk size and strategy within text_only,comparative (n=11),chunk200_hybrid,chunk500_bm25,B,answered_grounded_offtarget,6,1,0,5,1,1.0,True,1.0
qwen3.8-27b@q4_k_xl,Family 2 — chunk size and strategy within text_only,comparative (n=11),chunk200_hybrid,chunk500_dense,B,answered_grounded_offtarget,7,1,0,6,1,1.0,True,1.0
qwen3.8-27b@q4_k_xl,Family 2 — chunk size and strategy within text_only,comparative (n=11),chunk200_hybrid,chunk500_hybrid,B,answered_grounded_offtarget,7,1,1,5,2,1.0,True,1.0
qwen3.8-27b@q4_k_xl,Family 2 — chunk size and strategy within text_only,comparative (n=11),chunk500_bm25,chunk500_dense,B,answered_grounded_offtarget,6,0,0,6,0,,False,
qwen3.8-27b@q4_k_xl,Family 2 — chunk size and strategy within text_only,comparative (n=11),chunk500_bm25,chunk500_hybrid,B,answered_grounded_offtarget,6,0,0,6,0,,False,
qwen3.8-27b@q4_k_xl,Family 2 — chunk size and strategy within text_only,comparative (n=11),chunk500_dense,chunk500_hybrid,B,answered_grounded_offtarget,7,0,1,6,1,1.0,True,1.0
qwen3.8-27b@q4_k_xl,Family 2 — chunk size and strategy within text_only,comparative (n=11),chunk200_bm25,chunk200_dense,B,answered_ungrounded,9,0,0,9,0,,False,
qwen3.8-27b@q4_k_xl,Family 2 — chunk size and strategy within text_only,comparative (n=11),chunk200_bm25,chunk200_hybrid,B,answered_ungrounded,8,0,0,8,0,,False,
qwen3.8-27b@q4_k_xl,Family 2 — chunk size and strategy within text_only,comparative (n=11),chunk200_bm25,chunk500_bm25,B,answered_ungrounded,7,0,0,7,0,,False,
qwen3.8-27b@q4_k_xl,Family 2 — chunk size and strategy within text_only,comparative (n=11),chunk200_bm25,chunk500_dense,B,answered_ungrounded,7,0,0,7,0,,False,
qwen3.8-27b@q4_k_xl,Family 2 — chunk size and strategy within text_only,comparative (n=11),chunk200_bm25,chunk500_hybrid,B,answered_ungrounded,7,0,0,7,0,,False,
qwen3.8-27b@q4_k_xl,Family 2 — chunk size and strategy within text_only,comparative (n=11),chunk200_dense,chunk200_hybrid,B,answered_ungrounded,8,0,0,8,0,,False,
qwen3.8-27b@q4_k_xl,Family 2 — chunk size and strategy within text_only,comparative (n=11),chunk200_dense,chunk500_bm25,B,answered_ungrounded,7,0,0,7,0,,False,
qwen3.8-27b@q4_k_xl,Family 2 — chunk size and strategy within text_only,comparative (n=11),chunk200_dense,chunk500_dense,B,answered_ungrounded,7,0,0,7,0,,False,
qwen3.8-27b@q4_k_xl,Family 2 — chunk size and strategy within text_only,comparative (n=11),chunk200_dense,chunk500_hybrid,B,answered_ungrounded,7,0,0,7,0,,False,
qwen3.8-27b@q4_k_xl,Family 2 — chunk size and strategy within text_only,comparative (n=11),chunk200_hybrid,chunk500_bm25,B,answered_ungrounded,6,0,0,6,0,,False,
qwen3.8-27b@q4_k_xl,Family 2 — chunk size and strategy within text_only,comparative (n=11),chunk200_hybrid,chunk500_dense,B,answered_ungrounded,7,0,0,7,0,,False,
qwen3.8-27b@q4_k_xl,Family 2 — chunk size and strategy within text_only,comparative (n=11),chunk200_hybrid,chunk500_hybrid,B,answered_ungrounded,7,0,0,7,0,,False,
qwen3.8-27b@q4_k_xl,Family 2 — chunk size and strategy within text_only,comparative (n=11),chunk500_bm25,chunk500_dense,B,answered_ungrounded,6,0,0,6,0,,False,
qwen3.8-27b@q4_k_xl,Family 2 — chunk size and strategy within text_only,comparative (n=11),chunk500_bm25,chunk500_hybrid,B,answered_ungrounded,6,0,0,6,0,,False,
qwen3.8-27b@q4_k_xl,Family 2 — chunk size and strategy within text_only,comparative (n=11),chunk500_dense,chunk500_hybrid,B,answered_ungrounded,7,0,0,7,0,,False,
qwen3.8-27b@q4_k_xl,Family 2 — chunk size and strategy within text_only,comparative (n=11),chunk200_bm25,chunk200_dense,C,abstained,1,0,0,1,0,,False,
qwen3.8-27b@q4_k_xl,Family 2 — chunk size and strategy within text_only,comparative (n=11),chunk200_bm25,chunk200_hybrid,C,abstained,2,0,0,2,0,,False,
qwen3.8-27b@q4_k_xl,Family 2 — chunk size and strategy within text_only,comparative (n=11),chunk200_bm25,chunk500_bm25,C,abstained,2,1,0,1,1,1.0,True,1.0
qwen3.8-27b@q4_k_xl,Family 2 — chunk size and strategy within text_only,comparative (n=11),chunk200_bm25,chunk500_dense,C,abstained,2,0,0,2,0,,False,
qwen3.8-27b@q4_k_xl,Family 2 — chunk size and strategy within text_only,comparative (n=11),chunk200_bm25,chunk500_hybrid,C,abstained,2,1,0,1,1,1.0,True,1.0
qwen3.8-27b@q4_k_xl,Family 2 — chunk size and strategy within text_only,comparative (n=11),chunk200_dense,chunk200_hybrid,C,abstained,1,0,0,1,0,,False,
qwen3.8-27b@q4_k_xl,Family 2 — chunk size and strategy within text_only,comparative (n=11),chunk200_dense,chunk500_bm25,C,abstained,1,1,0,0,1,1.0,True,1.0
qwen3.8-27b@q4_k_xl,Family 2 — chunk size and strategy within text_only,comparative (n=11),chunk200_dense,chunk500_dense,C,abstained,1,0,0,1,0,,False,
qwen3.8-27b@q4_k_xl,Family 2 — chunk size and strategy within text_only,comparative (n=11),chunk200_dense,chunk500_hybrid,C,abstained,1,0,0,1,0,,False,
qwen3.8-27b@q4_k_xl,Family 2 — chunk size and strategy within text_only,comparative (n=11),chunk200_hybrid,chunk500_bm25,C,abstained,2,1,0,1,1,1.0,True,1.0
qwen3.8-27b@q4_k_xl,Family 2 — chunk size and strategy within text_only,comparative (n=11),chunk200_hybrid,chunk500_dense,C,abstained,3,0,0,3,0,,False,
qwen3.8-27b@q4_k_xl,Family 2 — chunk size and strategy within text_only,comparative (n=11),chunk200_hybrid,chunk500_hybrid,C,abstained,3,1,0,2,1,1.0,True,1.0
qwen3.8-27b@q4_k_xl,Family 2 — chunk size and strategy within text_only,comparative (n=11),chunk500_bm25,chunk500_dense,C,abstained,3,0,1,2,1,1.0,True,1.0
qwen3.8-27b@q4_k_xl,Family 2 — chunk size and strategy within text_only,comparative (n=11),chunk500_bm25,chunk500_hybrid,C,abstained,3,1,1,1,2,1.0,True,1.0
qwen3.8-27b@q4_k_xl,Family 2 — chunk size and strategy within text_only,comparative (n=11),chunk500_dense,chunk500_hybrid,C,abstained,4,1,0,3,1,1.0,True,1.0
qwen3.8-27b@q4_k_xl,Family 2 — chunk size and strategy within text_only,comparative (n=11),chunk200_bm25,chunk200_dense,C,answered_grounded_correct,1,0,0,1,0,,False,
qwen3.8-27b@q4_k_xl,Family 2 — chunk size and strategy within text_only,comparative (n=11),chunk200_bm25,chunk200_hybrid,C,answered_grounded_correct,2,0,0,2,0,,False,
qwen3.8-27b@q4_k_xl,Family 2 — chunk size and strategy within text_only,comparative (n=11),chunk200_bm25,chunk500_bm25,C,answered_grounded_correct,2,0,1,1,1,1.0,True,1.0
qwen3.8-27b@q4_k_xl,Family 2 — chunk size and strategy within text_only,comparative (n=11),chunk200_bm25,chunk500_dense,C,answered_grounded_correct,2,0,0,2,0,,False,
qwen3.8-27b@q4_k_xl,Family 2 — chunk size and strategy within text_only,comparative (n=11),chunk200_bm25,chunk500_hybrid,C,answered_grounded_correct,2,0,1,1,1,1.0,True,1.0
qwen3.8-27b@q4_k_xl,Family 2 — chunk size and strategy within text_only,comparative (n=11),chunk200_dense,chunk200_hybrid,C,answered_grounded_correct,1,0,0,1,0,,False,
qwen3.8-27b@q4_k_xl,Family 2 — chunk size and strategy within text_only,comparative (n=11),chunk200_dense,chunk500_bm25,C,answered_grounded_correct,1,0,1,0,1,1.0,True,1.0
qwen3.8-27b@q4_k_xl,Family 2 — chunk size and strategy within text_only,comparative (n=11),chunk200_dense,chunk500_dense,C,answered_grounded_correct,1,0,0,1,0,,False,
qwen3.8-27b@q4_k_xl,Family 2 — chunk size and strategy within text_only,comparative (n=11),chunk200_dense,chunk500_hybrid,C,answered_grounded_correct,1,0,0,1,0,,False,
qwen3.8-27b@q4_k_xl,Family 2 — chunk size and strategy within text_only,comparative (n=11),chunk200_hybrid,chunk500_bm25,C,answered_grounded_correct,2,0,1,1,1,1.0,True,1.0
qwen3.8-27b@q4_k_xl,Family 2 — chunk size and strategy within text_only,comparative (n=11),chunk200_hybrid,chunk500_dense,C,answered_grounded_correct,3,0,0,3,0,,False,
qwen3.8-27b@q4_k_xl,Family 2 — chunk size and strategy within text_only,comparative (n=11),chunk200_hybrid,chunk500_hybrid,C,answered_grounded_correct,3,0,1,2,1,1.0,True,1.0
qwen3.8-27b@q4_k_xl,Family 2 — chunk size and strategy within text_only,comparative (n=11),chunk500_bm25,chunk500_dense,C,answered_grounded_correct,3,1,0,2,1,1.0,True,1.0
qwen3.8-27b@q4_k_xl,Family 2 — chunk size and strategy within text_only,comparative (n=11),chunk500_bm25,chunk500_hybrid,C,answered_grounded_correct,3,1,1,1,2,1.0,True,1.0
qwen3.8-27b@q4_k_xl,Family 2 — chunk size and strategy within text_only,comparative (n=11),chunk500_dense,chunk500_hybrid,C,answered_grounded_correct,4,0,1,3,1,1.0,True,1.0
qwen3.8-27b@q4_k_xl,Family 2 — chunk size and strategy within text_only,comparative (n=11),chunk200_bm25,chunk200_dense,C,answered_grounded_offtarget,1,0,0,1,0,,False,
qwen3.8-27b@q4_k_xl,Family 2 — chunk size and strategy within text_only,comparative (n=11),chunk200_bm25,chunk200_hybrid,C,answered_grounded_offtarget,2,0,0,2,0,,False,
qwen3.8-27b@q4_k_xl,Family 2 — chunk size and strategy within text_only,comparative (n=11),chunk200_bm25,chunk500_bm25,C,answered_grounded_offtarget,2,0,0,2,0,,False,
qwen3.8-27b@q4_k_xl,Family 2 — chunk size and strategy within text_only,comparative (n=11),chunk200_bm25,chunk500_dense,C,answered_grounded_offtarget,2,0,0,2,0,,False,
qwen3.8-27b@q4_k_xl,Family 2 — chunk size and strategy within text_only,comparative (n=11),chunk200_bm25,chunk500_hybrid,C,answered_grounded_offtarget,2,0,0,2,0,,False,
qwen3.8-27b@q4_k_xl,Family 2 — chunk size and strategy within text_only,comparative (n=11),chunk200_dense,chunk200_hybrid,C,answered_grounded_offtarget,1,0,0,1,0,,False,
qwen3.8-27b@q4_k_xl,Family 2 — chunk size and strategy within text_only,comparative (n=11),chunk200_dense,chunk500_bm25,C,answered_grounded_offtarget,1,0,0,1,0,,False,
qwen3.8-27b@q4_k_xl,Family 2 — chunk size and strategy within text_only,comparative (n=11),chunk200_dense,chunk500_dense,C,answered_grounded_offtarget,1,0,0,1,0,,False,
qwen3.8-27b@q4_k_xl,Family 2 — chunk size and strategy within text_only,comparative (n=11),chunk200_dense,chunk500_hybrid,C,answered_grounded_offtarget,1,0,0,1,0,,False,
qwen3.8-27b@q4_k_xl,Family 2 — chunk size and strategy within text_only,comparative (n=11),chunk200_hybrid,chunk500_bm25,C,answered_grounded_offtarget,2,0,0,2,0,,False,
qwen3.8-27b@q4_k_xl,Family 2 — chunk size and strategy within text_only,comparative (n=11),chunk200_hybrid,chunk500_dense,C,answered_grounded_offtarget,3,0,0,3,0,,False,
qwen3.8-27b@q4_k_xl,Family 2 — chunk size and strategy within text_only,comparative (n=11),chunk200_hybrid,chunk500_hybrid,C,answered_grounded_offtarget,3,0,0,3,0,,False,
qwen3.8-27b@q4_k_xl,Family 2 — chunk size and strategy within text_only,comparative (n=11),chunk500_bm25,chunk500_dense,C,answered_grounded_offtarget,3,0,0,3,0,,False,
qwen3.8-27b@q4_k_xl,Family 2 — chunk size and strategy within text_only,comparative (n=11),chunk500_bm25,chunk500_hybrid,C,answered_grounded_offtarget,3,0,0,3,0,,False,
qwen3.8-27b@q4_k_xl,Family 2 — chunk size and strategy within text_only,comparative (n=11),chunk500_dense,chunk500_hybrid,C,answered_grounded_offtarget,4,0,0,4,0,,False,
qwen3.8-27b@q4_k_xl,Family 2 — chunk size and strategy within text_only,comparative (n=11),chunk200_bm25,chunk200_dense,C,answered_ungrounded,1,0,0,1,0,,False,
qwen3.8-27b@q4_k_xl,Family 2 — chunk size and strategy within text_only,comparative (n=11),chunk200_bm25,chunk200_hybrid,C,answered_ungrounded,2,0,0,2,0,,False,
qwen3.8-27b@q4_k_xl,Family 2 — chunk size and strategy within text_only,comparative (n=11),chunk200_bm25,chunk500_bm25,C,answered_ungrounded,2,0,0,2,0,,False,
qwen3.8-27b@q4_k_xl,Family 2 — chunk size and strategy within text_only,comparative (n=11),chunk200_bm25,chunk500_dense,C,answered_ungrounded,2,0,0,2,0,,False,
qwen3.8-27b@q4_k_xl,Family 2 — chunk size and strategy within text_only,comparative (n=11),chunk200_bm25,chunk500_hybrid,C,answered_ungrounded,2,0,0,2,0,,False,
qwen3.8-27b@q4_k_xl,Family 2 — chunk size and strategy within text_only,comparative (n=11),chunk200_dense,chunk200_hybrid,C,answered_ungrounded,1,0,0,1,0,,False,
qwen3.8-27b@q4_k_xl,Family 2 — chunk size and strategy within text_only,comparative (n=11),chunk200_dense,chunk500_bm25,C,answered_ungrounded,1,0,0,1,0,,False,
qwen3.8-27b@q4_k_xl,Family 2 — chunk size and strategy within text_only,comparative (n=11),chunk200_dense,chunk500_dense,C,answered_ungrounded,1,0,0,1,0,,False,
qwen3.8-27b@q4_k_xl,Family 2 — chunk size and strategy within text_only,comparative (n=11),chunk200_dense,chunk500_hybrid,C,answered_ungrounded,1,0,0,1,0,,False,
qwen3.8-27b@q4_k_xl,Family 2 — chunk size and strategy within text_only,comparative (n=11),chunk200_hybrid,chunk500_bm25,C,answered_ungrounded,2,0,0,2,0,,False,
qwen3.8-27b@q4_k_xl,Family 2 — chunk size and strategy within text_only,comparative (n=11),chunk200_hybrid,chunk500_dense,C,answered_ungrounded,3,0,0,3,0,,False,
qwen3.8-27b@q4_k_xl,Family 2 — chunk size and strategy within text_only,comparative (n=11),chunk200_hybrid,chunk500_hybrid,C,answered_ungrounded,3,0,0,3,0,,False,
qwen3.8-27b@q4_k_xl,Family 2 — chunk size and strategy within text_only,comparative (n=11),chunk500_bm25,chunk500_dense,C,answered_ungrounded,3,0,0,3,0,,False,
qwen3.8-27b@q4_k_xl,Family 2 — chunk size and strategy within text_only,comparative (n=11),chunk500_bm25,chunk500_hybrid,C,answered_ungrounded,3,0,0,3,0,,False,
qwen3.8-27b@q4_k_xl,Family 2 — chunk size and strategy within text_only,comparative (n=11),chunk500_dense,chunk500_hybrid,C,answered_ungrounded,4,0,0,4,0,,False,
qwen3.8-27b@q4_k_xl,Family 3 — chunk size and strategy within metadata_enriched,pooled (n=45),chunk200_bm25_enriched,chunk200_dense_enriched,B,abstained,17,1,1,15,2,1.0,True,1.0
qwen3.8-27b@q4_k_xl,Family 3 — chunk size and strategy within metadata_enriched,pooled (n=45),chunk200_bm25_enriched,chunk200_hybrid_enriched,B,abstained,19,3,1,15,4,0.625,True,1.0
qwen3.8-27b@q4_k_xl,Family 3 — chunk size and strategy within metadata_enriched,pooled (n=45),chunk200_bm25_enriched,chunk500_bm25_enriched,B,abstained,25,2,3,20,5,1.0,True,1.0
qwen3.8-27b@q4_k_xl,Family 3 — chunk size and strategy within metadata_enriched,pooled (n=45),chunk200_bm25_enriched,chunk500_dense_enriched,B,abstained,19,5,1,13,6,0.21875,True,1.0
qwen3.8-27b@q4_k_xl,Family 3 — chunk size and strategy within metadata_enriched,pooled (n=45),chunk200_bm25_enriched,chunk500_hybrid_enriched,B,abstained,19,2,2,15,4,1.0,True,1.0
qwen3.8-27b@q4_k_xl,Family 3 — chunk size and strategy within metadata_enriched,pooled (n=45),chunk200_dense_enriched,chunk200_hybrid_enriched,B,abstained,17,1,0,16,1,1.0,True,1.0
qwen3.8-27b@q4_k_xl,Family 3 — chunk size and strategy within metadata_enriched,pooled (n=45),chunk200_dense_enriched,chunk500_bm25_enriched,B,abstained,18,1,1,16,2,1.0,True,1.0
qwen3.8-27b@q4_k_xl,Family 3 — chunk size and strategy within metadata_enriched,pooled (n=45),chunk200_dense_enriched,chunk500_dense_enriched,B,abstained,17,2,0,15,2,0.5,True,1.0
qwen3.8-27b@q4_k_xl,Family 3 — chunk size and strategy within metadata_enriched,pooled (n=45),chunk200_dense_enriched,chunk500_hybrid_enriched,B,abstained,16,1,0,15,1,1.0,True,1.0
qwen3.8-27b@q4_k_xl,Family 3 — chunk size and strategy within metadata_enriched,pooled (n=45),chunk200_hybrid_enriched,chunk500_bm25_enriched,B,abstained,19,1,2,16,3,1.0,True,1.0
qwen3.8-27b@q4_k_xl,Family 3 — chunk size and strategy within metadata_enriched,pooled (n=45),chunk200_hybrid_enriched,chunk500_dense_enriched,B,abstained,17,2,0,15,2,0.5,True,1.0
qwen3.8-27b@q4_k_xl,Family 3 — chunk size and strategy within metadata_enriched,pooled (n=45),chunk200_hybrid_enriched,chunk500_hybrid_enriched,B,abstained,16,1,0,15,1,1.0,True,1.0
qwen3.8-27b@q4_k_xl,Family 3 — chunk size and strategy within metadata_enriched,pooled (n=45),chunk500_bm25_enriched,chunk500_dense_enriched,B,abstained,19,4,0,15,4,0.125,True,1.0
qwen3.8-27b@q4_k_xl,Family 3 — chunk size and strategy within metadata_enriched,pooled (n=45),chunk500_bm25_enriched,chunk500_hybrid_enriched,B,abstained,21,1,0,20,1,1.0,True,1.0
qwen3.8-27b@q4_k_xl,Family 3 — chunk size and strategy within metadata_enriched,pooled (n=45),chunk500_dense_enriched,chunk500_hybrid_enriched,B,abstained,18,0,2,16,2,0.5,True,1.0
qwen3.8-27b@q4_k_xl,Family 3 — chunk size and strategy within metadata_enriched,pooled (n=45),chunk200_bm25_enriched,chunk200_dense_enriched,B,answered_grounded_correct,17,1,0,16,1,1.0,True,1.0
qwen3.8-27b@q4_k_xl,Family 3 — chunk size and strategy within metadata_enriched,pooled (n=45),chunk200_bm25_enriched,chunk200_hybrid_enriched,B,answered_grounded_correct,19,0,1,18,1,1.0,True,1.0
qwen3.8-27b@q4_k_xl,Family 3 — chunk size and strategy within metadata_enriched,pooled (n=45),chunk200_bm25_enriched,chunk500_bm25_enriched,B,answered_grounded_correct,25,2,0,23,2,0.5,True,1.0
qwen3.8-27b@q4_k_xl,Family 3 — chunk size and strategy within metadata_enriched,pooled (n=45),chunk200_bm25_enriched,chunk500_dense_enriched,B,answered_grounded_correct,19,3,2,14,5,1.0,True,1.0
qwen3.8-27b@q4_k_xl,Family 3 — chunk size and strategy within metadata_enriched,pooled (n=45),chunk200_bm25_enriched,chunk500_hybrid_enriched,B,answered_grounded_correct,19,2,0,17,2,0.5,True,1.0
qwen3.8-27b@q4_k_xl,Family 3 — chunk size and strategy within metadata_enriched,pooled (n=45),chunk200_dense_enriched,chunk200_hybrid_enriched,B,answered_grounded_correct,17,0,2,15,2,0.5,True,1.0
qwen3.8-27b@q4_k_xl,Family 3 — chunk size and strategy within metadata_enriched,pooled (n=45),chunk200_dense_enriched,chunk500_bm25_enriched,B,answered_grounded_correct,18,1,1,16,2,1.0,True,1.0
qwen3.8-27b@q4_k_xl,Family 3 — chunk size and strategy within metadata_enriched,pooled (n=45),chunk200_dense_enriched,chunk500_dense_enriched,B,answered_grounded_correct,17,1,1,15,2,1.0,True,1.0
qwen3.8-27b@q4_k_xl,Family 3 — chunk size and strategy within metadata_enriched,pooled (n=45),chunk200_dense_enriched,chunk500_hybrid_enriched,B,answered_grounded_correct,16,0,0,16,0,,False,
qwen3.8-27b@q4_k_xl,Family 3 — chunk size and strategy within metadata_enriched,pooled (n=45),chunk200_hybrid_enriched,chunk500_bm25_enriched,B,answered_grounded_correct,19,2,0,17,2,0.5,True,1.0
qwen3.8-27b@q4_k_xl,Family 3 — chunk size and strategy within metadata_enriched,pooled (n=45),chunk200_hybrid_enriched,chunk500_dense_enriched,B,answered_grounded_correct,17,3,1,13,4,0.625,True,1.0
qwen3.8-27b@q4_k_xl,Family 3 — chunk size and strategy within metadata_enriched,pooled (n=45),chunk200_hybrid_enriched,chunk500_hybrid_enriched,B,answered_grounded_correct,16,2,0,14,2,0.5,True,1.0
qwen3.8-27b@q4_k_xl,Family 3 — chunk size and strategy within metadata_enriched,pooled (n=45),chunk500_bm25_enriched,chunk500_dense_enriched,B,answered_grounded_correct,19,1,2,16,3,1.0,True,1.0
qwen3.8-27b@q4_k_xl,Family 3 — chunk size and strategy within metadata_enriched,pooled (n=45),chunk500_bm25_enriched,chunk500_hybrid_enriched,B,answered_grounded_correct,21,1,1,19,2,1.0,True,1.0
qwen3.8-27b@q4_k_xl,Family 3 — chunk size and strategy within metadata_enriched,pooled (n=45),chunk500_dense_enriched,chunk500_hybrid_enriched,B,answered_grounded_correct,18,1,1,16,2,1.0,True,1.0
qwen3.8-27b@q4_k_xl,Family 3 — chunk size and strategy within metadata_enriched,pooled (n=45),chunk200_bm25_enriched,chunk200_dense_enriched,B,answered_grounded_offtarget,17,1,2,14,3,1.0,True,1.0
qwen3.8-27b@q4_k_xl,Family 3 — chunk size and strategy within metadata_enriched,pooled (n=45),chunk200_bm25_enriched,chunk200_hybrid_enriched,B,answered_grounded_offtarget,19,3,2,14,5,1.0,True,1.0
qwen3.8-27b@q4_k_xl,Family 3 — chunk size and strategy within metadata_enriched,pooled (n=45),chunk200_bm25_enriched,chunk500_bm25_enriched,B,answered_grounded_offtarget,25,1,2,22,3,1.0,True,1.0
qwen3.8-27b@q4_k_xl,Family 3 — chunk size and strategy within metadata_enriched,pooled (n=45),chunk200_bm25_enriched,chunk500_dense_enriched,B,answered_grounded_offtarget,19,2,5,12,7,0.453125,True,1.0
qwen3.8-27b@q4_k_xl,Family 3 — chunk size and strategy within metadata_enriched,pooled (n=45),chunk200_bm25_enriched,chunk500_hybrid_enriched,B,answered_grounded_offtarget,19,1,3,15,4,0.625,True,1.0
qwen3.8-27b@q4_k_xl,Family 3 — chunk size and strategy within metadata_enriched,pooled (n=45),chunk200_dense_enriched,chunk200_hybrid_enriched,B,answered_grounded_offtarget,17,3,0,14,3,0.25,True,1.0
qwen3.8-27b@q4_k_xl,Family 3 — chunk size and strategy within metadata_enriched,pooled (n=45),chunk200_dense_enriched,chunk500_bm25_enriched,B,answered_grounded_offtarget,18,1,1,16,2,1.0,True,1.0
qwen3.8-27b@q4_k_xl,Family 3 — chunk size and strategy within metadata_enriched,pooled (n=45),chunk200_dense_enriched,chunk500_dense_enriched,B,answered_grounded_offtarget,17,1,1,15,2,1.0,True,1.0
qwen3.8-27b@q4_k_xl,Family 3 — chunk size and strategy within metadata_enriched,pooled (n=45),chunk200_dense_enriched,chunk500_hybrid_enriched,B,answered_grounded_offtarget,16,0,1,15,1,1.0,True,1.0
qwen3.8-27b@q4_k_xl,Family 3 — chunk size and strategy within metadata_enriched,pooled (n=45),chunk200_hybrid_enriched,chunk500_bm25_enriched,B,answered_grounded_offtarget,19,0,3,16,3,0.25,True,1.0
qwen3.8-27b@q4_k_xl,Family 3 — chunk size and strategy within metadata_enriched,pooled (n=45),chunk200_hybrid_enriched,chunk500_dense_enriched,B,answered_grounded_offtarget,17,0,3,14,3,0.25,True,1.0
qwen3.8-27b@q4_k_xl,Family 3 — chunk size and strategy within metadata_enriched,pooled (n=45),chunk200_hybrid_enriched,chunk500_hybrid_enriched,B,answered_grounded_offtarget,16,0,4,12,4,0.125,True,1.0
qwen3.8-27b@q4_k_xl,Family 3 — chunk size and strategy within metadata_enriched,pooled (n=45),chunk500_bm25_enriched,chunk500_dense_enriched,B,answered_grounded_offtarget,19,2,3,14,5,1.0,True,1.0
qwen3.8-27b@q4_k_xl,Family 3 — chunk size and strategy within metadata_enriched,pooled (n=45),chunk500_bm25_enriched,chunk500_hybrid_enriched,B,answered_grounded_offtarget,21,0,1,20,1,1.0,True,1.0
qwen3.8-27b@q4_k_xl,Family 3 — chunk size and strategy within metadata_enriched,pooled (n=45),chunk500_dense_enriched,chunk500_hybrid_enriched,B,answered_grounded_offtarget,18,2,2,14,4,1.0,True,1.0
qwen3.8-27b@q4_k_xl,Family 3 — chunk size and strategy within metadata_enriched,pooled (n=45),chunk200_bm25_enriched,chunk200_dense_enriched,B,answered_ungrounded,17,0,0,17,0,,False,
qwen3.8-27b@q4_k_xl,Family 3 — chunk size and strategy within metadata_enriched,pooled (n=45),chunk200_bm25_enriched,chunk200_hybrid_enriched,B,answered_ungrounded,19,0,2,17,2,0.5,True,1.0
qwen3.8-27b@q4_k_xl,Family 3 — chunk size and strategy within metadata_enriched,pooled (n=45),chunk200_bm25_enriched,chunk500_bm25_enriched,B,answered_ungrounded,25,0,0,25,0,,False,
qwen3.8-27b@q4_k_xl,Family 3 — chunk size and strategy within metadata_enriched,pooled (n=45),chunk200_bm25_enriched,chunk500_dense_enriched,B,answered_ungrounded,19,0,2,17,2,0.5,True,1.0
qwen3.8-27b@q4_k_xl,Family 3 — chunk size and strategy within metadata_enriched,pooled (n=45),chunk200_bm25_enriched,chunk500_hybrid_enriched,B,answered_ungrounded,19,0,0,19,0,,False,
qwen3.8-27b@q4_k_xl,Family 3 — chunk size and strategy within metadata_enriched,pooled (n=45),chunk200_dense_enriched,chunk200_hybrid_enriched,B,answered_ungrounded,17,0,2,15,2,0.5,True,1.0
qwen3.8-27b@q4_k_xl,Family 3 — chunk size and strategy within metadata_enriched,pooled (n=45),chunk200_dense_enriched,chunk500_bm25_enriched,B,answered_ungrounded,18,0,0,18,0,,False,
qwen3.8-27b@q4_k_xl,Family 3 — chunk size and strategy within metadata_enriched,pooled (n=45),chunk200_dense_enriched,chunk500_dense_enriched,B,answered_ungrounded,17,0,2,15,2,0.5,True,1.0
qwen3.8-27b@q4_k_xl,Family 3 — chunk size and strategy within metadata_enriched,pooled (n=45),chunk200_dense_enriched,chunk500_hybrid_enriched,B,answered_ungrounded,16,0,0,16,0,,False,
qwen3.8-27b@q4_k_xl,Family 3 — chunk size and strategy within metadata_enriched,pooled (n=45),chunk200_hybrid_enriched,chunk500_bm25_enriched,B,answered_ungrounded,19,2,0,17,2,0.5,True,1.0
qwen3.8-27b@q4_k_xl,Family 3 — chunk size and strategy within metadata_enriched,pooled (n=45),chunk200_hybrid_enriched,chunk500_dense_enriched,B,answered_ungrounded,17,0,1,16,1,1.0,True,1.0
qwen3.8-27b@q4_k_xl,Family 3 — chunk size and strategy within metadata_enriched,pooled (n=45),chunk200_hybrid_enriched,chunk500_hybrid_enriched,B,answered_ungrounded,16,1,0,15,1,1.0,True,1.0
qwen3.8-27b@q4_k_xl,Family 3 — chunk size and strategy within metadata_enriched,pooled (n=45),chunk500_bm25_enriched,chunk500_dense_enriched,B,answered_ungrounded,19,0,2,17,2,0.5,True,1.0
qwen3.8-27b@q4_k_xl,Family 3 — chunk size and strategy within metadata_enriched,pooled (n=45),chunk500_bm25_enriched,chunk500_hybrid_enriched,B,answered_ungrounded,21,0,0,21,0,,False,
qwen3.8-27b@q4_k_xl,Family 3 — chunk size and strategy within metadata_enriched,pooled (n=45),chunk500_dense_enriched,chunk500_hybrid_enriched,B,answered_ungrounded,18,2,0,16,2,0.5,True,1.0
qwen3.8-27b@q4_k_xl,Family 3 — chunk size and strategy within metadata_enriched,pooled (n=45),chunk200_bm25_enriched,chunk200_dense_enriched,C,abstained,10,1,0,9,1,1.0,True,1.0
qwen3.8-27b@q4_k_xl,Family 3 — chunk size and strategy within metadata_enriched,pooled (n=45),chunk200_bm25_enriched,chunk200_hybrid_enriched,C,abstained,11,1,0,10,1,1.0,True,1.0
qwen3.8-27b@q4_k_xl,Family 3 — chunk size and strategy within metadata_enriched,pooled (n=45),chunk200_bm25_enriched,chunk500_bm25_enriched,C,abstained,7,0,0,7,0,,False,
qwen3.8-27b@q4_k_xl,Family 3 — chunk size and strategy within metadata_enriched,pooled (n=45),chunk200_bm25_enriched,chunk500_dense_enriched,C,abstained,10,1,0,9,1,1.0,True,1.0
qwen3.8-27b@q4_k_xl,Family 3 — chunk size and strategy within metadata_enriched,pooled (n=45),chunk200_bm25_enriched,chunk500_hybrid_enriched,C,abstained,10,1,0,9,1,1.0,True,1.0
qwen3.8-27b@q4_k_xl,Family 3 — chunk size and strategy within metadata_enriched,pooled (n=45),chunk200_dense_enriched,chunk200_hybrid_enriched,C,abstained,18,1,0,17,1,1.0,True,1.0
qwen3.8-27b@q4_k_xl,Family 3 — chunk size and strategy within metadata_enriched,pooled (n=45),chunk200_dense_enriched,chunk500_bm25_enriched,C,abstained,9,0,1,8,1,1.0,True,1.0
qwen3.8-27b@q4_k_xl,Family 3 — chunk size and strategy within metadata_enriched,pooled (n=45),chunk200_dense_enriched,chunk500_dense_enriched,C,abstained,17,0,0,17,0,,False,
qwen3.8-27b@q4_k_xl,Family 3 — chunk size and strategy within metadata_enriched,pooled (n=45),chunk200_dense_enriched,chunk500_hybrid_enriched,C,abstained,16,1,0,15,1,1.0,True,1.0
qwen3.8-27b@q4_k_xl,Family 3 — chunk size and strategy within metadata_enriched,pooled (n=45),chunk200_hybrid_enriched,chunk500_bm25_enriched,C,abstained,9,0,0,9,0,,False,
qwen3.8-27b@q4_k_xl,Family 3 — chunk size and strategy within metadata_enriched,pooled (n=45),chunk200_hybrid_enriched,chunk500_dense_enriched,C,abstained,16,0,0,16,0,,False,
qwen3.8-27b@q4_k_xl,Family 3 — chunk size and strategy within metadata_enriched,pooled (n=45),chunk200_hybrid_enriched,chunk500_hybrid_enriched,C,abstained,15,1,0,14,1,1.0,True,1.0
qwen3.8-27b@q4_k_xl,Family 3 — chunk size and strategy within metadata_enriched,pooled (n=45),chunk500_bm25_enriched,chunk500_dense_enriched,C,abstained,8,0,0,8,0,,False,
qwen3.8-27b@q4_k_xl,Family 3 — chunk size and strategy within metadata_enriched,pooled (n=45),chunk500_bm25_enriched,chunk500_hybrid_enriched,C,abstained,10,2,0,8,2,0.5,True,1.0
qwen3.8-27b@q4_k_xl,Family 3 — chunk size and strategy within metadata_enriched,pooled (n=45),chunk500_dense_enriched,chunk500_hybrid_enriched,C,abstained,16,1,1,14,2,1.0,True,1.0
qwen3.8-27b@q4_k_xl,Family 3 — chunk size and strategy within metadata_enriched,pooled (n=45),chunk200_bm25_enriched,chunk200_dense_enriched,C,answered_grounded_correct,10,0,1,9,1,1.0,True,1.0
qwen3.8-27b@q4_k_xl,Family 3 — chunk size and strategy within metadata_enriched,pooled (n=45),chunk200_bm25_enriched,chunk200_hybrid_enriched,C,answered_grounded_correct,11,0,1,10,1,1.0,True,1.0
qwen3.8-27b@q4_k_xl,Family 3 — chunk size and strategy within metadata_enriched,pooled (n=45),chunk200_bm25_enriched,chunk500_bm25_enriched,C,answered_grounded_correct,7,0,0,7,0,,False,
qwen3.8-27b@q4_k_xl,Family 3 — chunk size and strategy within metadata_enriched,pooled (n=45),chunk200_bm25_enriched,chunk500_dense_enriched,C,answered_grounded_correct,10,0,1,9,1,1.0,True,1.0
qwen3.8-27b@q4_k_xl,Family 3 — chunk size and strategy within metadata_enriched,pooled (n=45),chunk200_bm25_enriched,chunk500_hybrid_enriched,C,answered_grounded_correct,10,0,0,10,0,,False,
qwen3.8-27b@q4_k_xl,Family 3 — chunk size and strategy within metadata_enriched,pooled (n=45),chunk200_dense_enriched,chunk200_hybrid_enriched,C,answered_grounded_correct,18,0,1,17,1,1.0,True,1.0
qwen3.8-27b@q4_k_xl,Family 3 — chunk size and strategy within metadata_enriched,pooled (n=45),chunk200_dense_enriched,chunk500_bm25_enriched,C,answered_grounded_correct,9,0,0,9,0,,False,
qwen3.8-27b@q4_k_xl,Family 3 — chunk size and strategy within metadata_enriched,pooled (n=45),chunk200_dense_enriched,chunk500_dense_enriched,C,answered_grounded_correct,17,0,0,17,0,,False,
qwen3.8-27b@q4_k_xl,Family 3 — chunk size and strategy within metadata_enriched,pooled (n=45),chunk200_dense_enriched,chunk500_hybrid_enriched,C,answered_grounded_correct,16,0,0,16,0,,False,
qwen3.8-27b@q4_k_xl,Family 3 — chunk size and strategy within metadata_enriched,pooled (n=45),chunk200_hybrid_enriched,chunk500_bm25_enriched,C,answered_grounded_correct,9,0,0,9,0,,False,
qwen3.8-27b@q4_k_xl,Family 3 — chunk size and strategy within metadata_enriched,pooled (n=45),chunk200_hybrid_enriched,chunk500_dense_enriched,C,answered_grounded_correct,16,0,0,16,0,,False,
qwen3.8-27b@q4_k_xl,Family 3 — chunk size and strategy within metadata_enriched,pooled (n=45),chunk200_hybrid_enriched,chunk500_hybrid_enriched,C,answered_grounded_correct,15,0,0,15,0,,False,
qwen3.8-27b@q4_k_xl,Family 3 — chunk size and strategy within metadata_enriched,pooled (n=45),chunk500_bm25_enriched,chunk500_dense_enriched,C,answered_grounded_correct,8,0,0,8,0,,False,
qwen3.8-27b@q4_k_xl,Family 3 — chunk size and strategy within metadata_enriched,pooled (n=45),chunk500_bm25_enriched,chunk500_hybrid_enriched,C,answered_grounded_correct,10,0,0,10,0,,False,
qwen3.8-27b@q4_k_xl,Family 3 — chunk size and strategy within metadata_enriched,pooled (n=45),chunk500_dense_enriched,chunk500_hybrid_enriched,C,answered_grounded_correct,16,1,0,15,1,1.0,True,1.0
qwen3.8-27b@q4_k_xl,Family 3 — chunk size and strategy within metadata_enriched,pooled (n=45),chunk200_bm25_enriched,chunk200_dense_enriched,C,answered_grounded_offtarget,10,0,0,10,0,,False,
qwen3.8-27b@q4_k_xl,Family 3 — chunk size and strategy within metadata_enriched,pooled (n=45),chunk200_bm25_enriched,chunk200_hybrid_enriched,C,answered_grounded_offtarget,11,0,0,11,0,,False,
qwen3.8-27b@q4_k_xl,Family 3 — chunk size and strategy within metadata_enriched,pooled (n=45),chunk200_bm25_enriched,chunk500_bm25_enriched,C,answered_grounded_offtarget,7,0,0,7,0,,False,
qwen3.8-27b@q4_k_xl,Family 3 — chunk size and strategy within metadata_enriched,pooled (n=45),chunk200_bm25_enriched,chunk500_dense_enriched,C,answered_grounded_offtarget,10,0,0,10,0,,False,
qwen3.8-27b@q4_k_xl,Family 3 — chunk size and strategy within metadata_enriched,pooled (n=45),chunk200_bm25_enriched,chunk500_hybrid_enriched,C,answered_grounded_offtarget,10,0,0,10,0,,False,
qwen3.8-27b@q4_k_xl,Family 3 — chunk size and strategy within metadata_enriched,pooled (n=45),chunk200_dense_enriched,chunk200_hybrid_enriched,C,answered_grounded_offtarget,18,0,0,18,0,,False,
qwen3.8-27b@q4_k_xl,Family 3 — chunk size and strategy within metadata_enriched,pooled (n=45),chunk200_dense_enriched,chunk500_bm25_enriched,C,answered_grounded_offtarget,9,1,0,8,1,1.0,True,1.0
qwen3.8-27b@q4_k_xl,Family 3 — chunk size and strategy within metadata_enriched,pooled (n=45),chunk200_dense_enriched,chunk500_dense_enriched,C,answered_grounded_offtarget,17,0,0,17,0,,False,
qwen3.8-27b@q4_k_xl,Family 3 — chunk size and strategy within metadata_enriched,pooled (n=45),chunk200_dense_enriched,chunk500_hybrid_enriched,C,answered_grounded_offtarget,16,0,0,16,0,,False,
qwen3.8-27b@q4_k_xl,Family 3 — chunk size and strategy within metadata_enriched,pooled (n=45),chunk200_hybrid_enriched,chunk500_bm25_enriched,C,answered_grounded_offtarget,9,0,0,9,0,,False,
qwen3.8-27b@q4_k_xl,Family 3 — chunk size and strategy within metadata_enriched,pooled (n=45),chunk200_hybrid_enriched,chunk500_dense_enriched,C,answered_grounded_offtarget,16,0,0,16,0,,False,
qwen3.8-27b@q4_k_xl,Family 3 — chunk size and strategy within metadata_enriched,pooled (n=45),chunk200_hybrid_enriched,chunk500_hybrid_enriched,C,answered_grounded_offtarget,15,0,0,15,0,,False,
qwen3.8-27b@q4_k_xl,Family 3 — chunk size and strategy within metadata_enriched,pooled (n=45),chunk500_bm25_enriched,chunk500_dense_enriched,C,answered_grounded_offtarget,8,0,0,8,0,,False,
qwen3.8-27b@q4_k_xl,Family 3 — chunk size and strategy within metadata_enriched,pooled (n=45),chunk500_bm25_enriched,chunk500_hybrid_enriched,C,answered_grounded_offtarget,10,0,1,9,1,1.0,True,1.0
qwen3.8-27b@q4_k_xl,Family 3 — chunk size and strategy within metadata_enriched,pooled (n=45),chunk500_dense_enriched,chunk500_hybrid_enriched,C,answered_grounded_offtarget,16,0,0,16,0,,False,
qwen3.8-27b@q4_k_xl,Family 3 — chunk size and strategy within metadata_enriched,pooled (n=45),chunk200_bm25_enriched,chunk200_dense_enriched,C,answered_ungrounded,10,0,0,10,0,,False,
qwen3.8-27b@q4_k_xl,Family 3 — chunk size and strategy within metadata_enriched,pooled (n=45),chunk200_bm25_enriched,chunk200_hybrid_enriched,C,answered_ungrounded,11,0,0,11,0,,False,
qwen3.8-27b@q4_k_xl,Family 3 — chunk size and strategy within metadata_enriched,pooled (n=45),chunk200_bm25_enriched,chunk500_bm25_enriched,C,answered_ungrounded,7,0,0,7,0,,False,
qwen3.8-27b@q4_k_xl,Family 3 — chunk size and strategy within metadata_enriched,pooled (n=45),chunk200_bm25_enriched,chunk500_dense_enriched,C,answered_ungrounded,10,0,0,10,0,,False,
qwen3.8-27b@q4_k_xl,Family 3 — chunk size and strategy within metadata_enriched,pooled (n=45),chunk200_bm25_enriched,chunk500_hybrid_enriched,C,answered_ungrounded,10,0,1,9,1,1.0,True,1.0
qwen3.8-27b@q4_k_xl,Family 3 — chunk size and strategy within metadata_enriched,pooled (n=45),chunk200_dense_enriched,chunk200_hybrid_enriched,C,answered_ungrounded,18,0,0,18,0,,False,
qwen3.8-27b@q4_k_xl,Family 3 — chunk size and strategy within metadata_enriched,pooled (n=45),chunk200_dense_enriched,chunk500_bm25_enriched,C,answered_ungrounded,9,0,0,9,0,,False,
qwen3.8-27b@q4_k_xl,Family 3 — chunk size and strategy within metadata_enriched,pooled (n=45),chunk200_dense_enriched,chunk500_dense_enriched,C,answered_ungrounded,17,0,0,17,0,,False,
qwen3.8-27b@q4_k_xl,Family 3 — chunk size and strategy within metadata_enriched,pooled (n=45),chunk200_dense_enriched,chunk500_hybrid_enriched,C,answered_ungrounded,16,0,1,15,1,1.0,True,1.0
qwen3.8-27b@q4_k_xl,Family 3 — chunk size and strategy within metadata_enriched,pooled (n=45),chunk200_hybrid_enriched,chunk500_bm25_enriched,C,answered_ungrounded,9,0,0,9,0,,False,
qwen3.8-27b@q4_k_xl,Family 3 — chunk size and strategy within metadata_enriched,pooled (n=45),chunk200_hybrid_enriched,chunk500_dense_enriched,C,answered_ungrounded,16,0,0,16,0,,False,
qwen3.8-27b@q4_k_xl,Family 3 — chunk size and strategy within metadata_enriched,pooled (n=45),chunk200_hybrid_enriched,chunk500_hybrid_enriched,C,answered_ungrounded,15,0,1,14,1,1.0,True,1.0
qwen3.8-27b@q4_k_xl,Family 3 — chunk size and strategy within metadata_enriched,pooled (n=45),chunk500_bm25_enriched,chunk500_dense_enriched,C,answered_ungrounded,8,0,0,8,0,,False,
qwen3.8-27b@q4_k_xl,Family 3 — chunk size and strategy within metadata_enriched,pooled (n=45),chunk500_bm25_enriched,chunk500_hybrid_enriched,C,answered_ungrounded,10,0,1,9,1,1.0,True,1.0
qwen3.8-27b@q4_k_xl,Family 3 — chunk size and strategy within metadata_enriched,pooled (n=45),chunk500_dense_enriched,chunk500_hybrid_enriched,C,answered_ungrounded,16,0,1,15,1,1.0,True,1.0
qwen3.8-27b@q4_k_xl,Family 3 — chunk size and strategy within metadata_enriched,factual (n=14),chunk200_bm25_enriched,chunk200_dense_enriched,B,abstained,2,0,0,2,0,,False,
qwen3.8-27b@q4_k_xl,Family 3 — chunk size and strategy within metadata_enriched,factual (n=14),chunk200_bm25_enriched,chunk200_hybrid_enriched,B,abstained,2,0,0,2,0,,False,
qwen3.8-27b@q4_k_xl,Family 3 — chunk size and strategy within metadata_enriched,factual (n=14),chunk200_bm25_enriched,chunk500_bm25_enriched,B,abstained,5,0,0,5,0,,False,
qwen3.8-27b@q4_k_xl,Family 3 — chunk size and strategy within metadata_enriched,factual (n=14),chunk200_bm25_enriched,chunk500_dense_enriched,B,abstained,2,0,0,2,0,,False,
qwen3.8-27b@q4_k_xl,Family 3 — chunk size and strategy within metadata_enriched,factual (n=14),chunk200_bm25_enriched,chunk500_hybrid_enriched,B,abstained,3,0,0,3,0,,False,
qwen3.8-27b@q4_k_xl,Family 3 — chunk size and strategy within metadata_enriched,factual (n=14),chunk200_dense_enriched,chunk200_hybrid_enriched,B,abstained,3,0,0,3,0,,False,
qwen3.8-27b@q4_k_xl,Family 3 — chunk size and strategy within metadata_enriched,factual (n=14),chunk200_dense_enriched,chunk500_bm25_enriched,B,abstained,3,0,0,3,0,,False,
qwen3.8-27b@q4_k_xl,Family 3 — chunk size and strategy within metadata_enriched,factual (n=14),chunk200_dense_enriched,chunk500_dense_enriched,B,abstained,3,0,0,3,0,,False,
qwen3.8-27b@q4_k_xl,Family 3 — chunk size and strategy within metadata_enriched,factual (n=14),chunk200_dense_enriched,chunk500_hybrid_enriched,B,abstained,3,0,0,3,0,,False,
qwen3.8-27b@q4_k_xl,Family 3 — chunk size and strategy within metadata_enriched,factual (n=14),chunk200_hybrid_enriched,chunk500_bm25_enriched,B,abstained,3,0,0,3,0,,False,
qwen3.8-27b@q4_k_xl,Family 3 — chunk size and strategy within metadata_enriched,factual (n=14),chunk200_hybrid_enriched,chunk500_dense_enriched,B,abstained,3,0,0,3,0,,False,
qwen3.8-27b@q4_k_xl,Family 3 — chunk size and strategy within metadata_enriched,factual (n=14),chunk200_hybrid_enriched,chunk500_hybrid_enriched,B,abstained,3,0,0,3,0,,False,
qwen3.8-27b@q4_k_xl,Family 3 — chunk size and strategy within metadata_enriched,factual (n=14),chunk500_bm25_enriched,chunk500_dense_enriched,B,abstained,3,0,0,3,0,,False,
qwen3.8-27b@q4_k_xl,Family 3 — chunk size and strategy within metadata_enriched,factual (n=14),chunk500_bm25_enriched,chunk500_hybrid_enriched,B,abstained,4,0,0,4,0,,False,
qwen3.8-27b@q4_k_xl,Family 3 — chunk size and strategy within metadata_enriched,factual (n=14),chunk500_dense_enriched,chunk500_hybrid_enriched,B,abstained,3,0,0,3,0,,False,
qwen3.8-27b@q4_k_xl,Family 3 — chunk size and strategy within metadata_enriched,factual (n=14),chunk200_bm25_enriched,chunk200_dense_enriched,B,answered_grounded_correct,2,0,0,2,0,,False,
qwen3.8-27b@q4_k_xl,Family 3 — chunk size and strategy within metadata_enriched,factual (n=14),chunk200_bm25_enriched,chunk200_hybrid_enriched,B,answered_grounded_correct,2,0,0,2,0,,False,
qwen3.8-27b@q4_k_xl,Family 3 — chunk size and strategy within metadata_enriched,factual (n=14),chunk200_bm25_enriched,chunk500_bm25_enriched,B,answered_grounded_correct,5,0,0,5,0,,False,
qwen3.8-27b@q4_k_xl,Family 3 — chunk size and strategy within metadata_enriched,factual (n=14),chunk200_bm25_enriched,chunk500_dense_enriched,B,answered_grounded_correct,2,0,0,2,0,,False,
qwen3.8-27b@q4_k_xl,Family 3 — chunk size and strategy within metadata_enriched,factual (n=14),chunk200_bm25_enriched,chunk500_hybrid_enriched,B,answered_grounded_correct,3,0,0,3,0,,False,
qwen3.8-27b@q4_k_xl,Family 3 — chunk size and strategy within metadata_enriched,factual (n=14),chunk200_dense_enriched,chunk200_hybrid_enriched,B,answered_grounded_correct,3,0,0,3,0,,False,
qwen3.8-27b@q4_k_xl,Family 3 — chunk size and strategy within metadata_enriched,factual (n=14),chunk200_dense_enriched,chunk500_bm25_enriched,B,answered_grounded_correct,3,0,0,3,0,,False,
qwen3.8-27b@q4_k_xl,Family 3 — chunk size and strategy within metadata_enriched,factual (n=14),chunk200_dense_enriched,chunk500_dense_enriched,B,answered_grounded_correct,3,0,0,3,0,,False,
qwen3.8-27b@q4_k_xl,Family 3 — chunk size and strategy within metadata_enriched,factual (n=14),chunk200_dense_enriched,chunk500_hybrid_enriched,B,answered_grounded_correct,3,0,0,3,0,,False,
qwen3.8-27b@q4_k_xl,Family 3 — chunk size and strategy within metadata_enriched,factual (n=14),chunk200_hybrid_enriched,chunk500_bm25_enriched,B,answered_grounded_correct,3,0,0,3,0,,False,
qwen3.8-27b@q4_k_xl,Family 3 — chunk size and strategy within metadata_enriched,factual (n=14),chunk200_hybrid_enriched,chunk500_dense_enriched,B,answered_grounded_correct,3,0,0,3,0,,False,
qwen3.8-27b@q4_k_xl,Family 3 — chunk size and strategy within metadata_enriched,factual (n=14),chunk200_hybrid_enriched,chunk500_hybrid_enriched,B,answered_grounded_correct,3,0,0,3,0,,False,
qwen3.8-27b@q4_k_xl,Family 3 — chunk size and strategy within metadata_enriched,factual (n=14),chunk500_bm25_enriched,chunk500_dense_enriched,B,answered_grounded_correct,3,0,0,3,0,,False,
qwen3.8-27b@q4_k_xl,Family 3 — chunk size and strategy within metadata_enriched,factual (n=14),chunk500_bm25_enriched,chunk500_hybrid_enriched,B,answered_grounded_correct,4,0,0,4,0,,False,
qwen3.8-27b@q4_k_xl,Family 3 — chunk size and strategy within metadata_enriched,factual (n=14),chunk500_dense_enriched,chunk500_hybrid_enriched,B,answered_grounded_correct,3,0,0,3,0,,False,
qwen3.8-27b@q4_k_xl,Family 3 — chunk size and strategy within metadata_enriched,factual (n=14),chunk200_bm25_enriched,chunk200_dense_enriched,B,answered_grounded_offtarget,2,0,0,2,0,,False,
qwen3.8-27b@q4_k_xl,Family 3 — chunk size and strategy within metadata_enriched,factual (n=14),chunk200_bm25_enriched,chunk200_hybrid_enriched,B,answered_grounded_offtarget,2,0,0,2,0,,False,
qwen3.8-27b@q4_k_xl,Family 3 — chunk size and strategy within metadata_enriched,factual (n=14),chunk200_bm25_enriched,chunk500_bm25_enriched,B,answered_grounded_offtarget,5,0,0,5,0,,False,
qwen3.8-27b@q4_k_xl,Family 3 — chunk size and strategy within metadata_enriched,factual (n=14),chunk200_bm25_enriched,chunk500_dense_enriched,B,answered_grounded_offtarget,2,0,0,2,0,,False,
qwen3.8-27b@q4_k_xl,Family 3 — chunk size and strategy within metadata_enriched,factual (n=14),chunk200_bm25_enriched,chunk500_hybrid_enriched,B,answered_grounded_offtarget,3,0,0,3,0,,False,
qwen3.8-27b@q4_k_xl,Family 3 — chunk size and strategy within metadata_enriched,factual (n=14),chunk200_dense_enriched,chunk200_hybrid_enriched,B,answered_grounded_offtarget,3,0,0,3,0,,False,
qwen3.8-27b@q4_k_xl,Family 3 — chunk size and strategy within metadata_enriched,factual (n=14),chunk200_dense_enriched,chunk500_bm25_enriched,B,answered_grounded_offtarget,3,0,0,3,0,,False,
qwen3.8-27b@q4_k_xl,Family 3 — chunk size and strategy within metadata_enriched,factual (n=14),chunk200_dense_enriched,chunk500_dense_enriched,B,answered_grounded_offtarget,3,0,0,3,0,,False,
qwen3.8-27b@q4_k_xl,Family 3 — chunk size and strategy within metadata_enriched,factual (n=14),chunk200_dense_enriched,chunk500_hybrid_enriched,B,answered_grounded_offtarget,3,0,0,3,0,,False,
qwen3.8-27b@q4_k_xl,Family 3 — chunk size and strategy within metadata_enriched,factual (n=14),chunk200_hybrid_enriched,chunk500_bm25_enriched,B,answered_grounded_offtarget,3,0,0,3,0,,False,
qwen3.8-27b@q4_k_xl,Family 3 — chunk size and strategy within metadata_enriched,factual (n=14),chunk200_hybrid_enriched,chunk500_dense_enriched,B,answered_grounded_offtarget,3,0,0,3,0,,False,
qwen3.8-27b@q4_k_xl,Family 3 — chunk size and strategy within metadata_enriched,factual (n=14),chunk200_hybrid_enriched,chunk500_hybrid_enriched,B,answered_grounded_offtarget,3,0,0,3,0,,False,
qwen3.8-27b@q4_k_xl,Family 3 — chunk size and strategy within metadata_enriched,factual (n=14),chunk500_bm25_enriched,chunk500_dense_enriched,B,answered_grounded_offtarget,3,0,0,3,0,,False,
qwen3.8-27b@q4_k_xl,Family 3 — chunk size and strategy within metadata_enriched,factual (n=14),chunk500_bm25_enriched,chunk500_hybrid_enriched,B,answered_grounded_offtarget,4,0,0,4,0,,False,
qwen3.8-27b@q4_k_xl,Family 3 — chunk size and strategy within metadata_enriched,factual (n=14),chunk500_dense_enriched,chunk500_hybrid_enriched,B,answered_grounded_offtarget,3,0,0,3,0,,False,
qwen3.8-27b@q4_k_xl,Family 3 — chunk size and strategy within metadata_enriched,factual (n=14),chunk200_bm25_enriched,chunk200_dense_enriched,B,answered_ungrounded,2,0,0,2,0,,False,
qwen3.8-27b@q4_k_xl,Family 3 — chunk size and strategy within metadata_enriched,factual (n=14),chunk200_bm25_enriched,chunk200_hybrid_enriched,B,answered_ungrounded,2,0,0,2,0,,False,
qwen3.8-27b@q4_k_xl,Family 3 — chunk size and strategy within metadata_enriched,factual (n=14),chunk200_bm25_enriched,chunk500_bm25_enriched,B,answered_ungrounded,5,0,0,5,0,,False,
qwen3.8-27b@q4_k_xl,Family 3 — chunk size and strategy within metadata_enriched,factual (n=14),chunk200_bm25_enriched,chunk500_dense_enriched,B,answered_ungrounded,2,0,0,2,0,,False,
qwen3.8-27b@q4_k_xl,Family 3 — chunk size and strategy within metadata_enriched,factual (n=14),chunk200_bm25_enriched,chunk500_hybrid_enriched,B,answered_ungrounded,3,0,0,3,0,,False,
qwen3.8-27b@q4_k_xl,Family 3 — chunk size and strategy within metadata_enriched,factual (n=14),chunk200_dense_enriched,chunk200_hybrid_enriched,B,answered_ungrounded,3,0,0,3,0,,False,
qwen3.8-27b@q4_k_xl,Family 3 — chunk size and strategy within metadata_enriched,factual (n=14),chunk200_dense_enriched,chunk500_bm25_enriched,B,answered_ungrounded,3,0,0,3,0,,False,
qwen3.8-27b@q4_k_xl,Family 3 — chunk size and strategy within metadata_enriched,factual (n=14),chunk200_dense_enriched,chunk500_dense_enriched,B,answered_ungrounded,3,0,0,3,0,,False,
qwen3.8-27b@q4_k_xl,Family 3 — chunk size and strategy within metadata_enriched,factual (n=14),chunk200_dense_enriched,chunk500_hybrid_enriched,B,answered_ungrounded,3,0,0,3,0,,False,
qwen3.8-27b@q4_k_xl,Family 3 — chunk size and strategy within metadata_enriched,factual (n=14),chunk200_hybrid_enriched,chunk500_bm25_enriched,B,answered_ungrounded,3,0,0,3,0,,False,
qwen3.8-27b@q4_k_xl,Family 3 — chunk size and strategy within metadata_enriched,factual (n=14),chunk200_hybrid_enriched,chunk500_dense_enriched,B,answered_ungrounded,3,0,0,3,0,,False,
qwen3.8-27b@q4_k_xl,Family 3 — chunk size and strategy within metadata_enriched,factual (n=14),chunk200_hybrid_enriched,chunk500_hybrid_enriched,B,answered_ungrounded,3,0,0,3,0,,False,
qwen3.8-27b@q4_k_xl,Family 3 — chunk size and strategy within metadata_enriched,factual (n=14),chunk500_bm25_enriched,chunk500_dense_enriched,B,answered_ungrounded,3,0,0,3,0,,False,
qwen3.8-27b@q4_k_xl,Family 3 — chunk size and strategy within metadata_enriched,factual (n=14),chunk500_bm25_enriched,chunk500_hybrid_enriched,B,answered_ungrounded,4,0,0,4,0,,False,
qwen3.8-27b@q4_k_xl,Family 3 — chunk size and strategy within metadata_enriched,factual (n=14),chunk500_dense_enriched,chunk500_hybrid_enriched,B,answered_ungrounded,3,0,0,3,0,,False,
qwen3.8-27b@q4_k_xl,Family 3 — chunk size and strategy within metadata_enriched,factual (n=14),chunk200_bm25_enriched,chunk200_dense_enriched,C,abstained,6,0,0,6,0,,False,
qwen3.8-27b@q4_k_xl,Family 3 — chunk size and strategy within metadata_enriched,factual (n=14),chunk200_bm25_enriched,chunk200_hybrid_enriched,C,abstained,6,0,0,6,0,,False,
qwen3.8-27b@q4_k_xl,Family 3 — chunk size and strategy within metadata_enriched,factual (n=14),chunk200_bm25_enriched,chunk500_bm25_enriched,C,abstained,4,0,0,4,0,,False,
qwen3.8-27b@q4_k_xl,Family 3 — chunk size and strategy within metadata_enriched,factual (n=14),chunk200_bm25_enriched,chunk500_dense_enriched,C,abstained,5,0,0,5,0,,False,
qwen3.8-27b@q4_k_xl,Family 3 — chunk size and strategy within metadata_enriched,factual (n=14),chunk200_bm25_enriched,chunk500_hybrid_enriched,C,abstained,6,0,0,6,0,,False,
qwen3.8-27b@q4_k_xl,Family 3 — chunk size and strategy within metadata_enriched,factual (n=14),chunk200_dense_enriched,chunk200_hybrid_enriched,C,abstained,11,0,0,11,0,,False,
qwen3.8-27b@q4_k_xl,Family 3 — chunk size and strategy within metadata_enriched,factual (n=14),chunk200_dense_enriched,chunk500_bm25_enriched,C,abstained,6,0,0,6,0,,False,
qwen3.8-27b@q4_k_xl,Family 3 — chunk size and strategy within metadata_enriched,factual (n=14),chunk200_dense_enriched,chunk500_dense_enriched,C,abstained,10,0,0,10,0,,False,
qwen3.8-27b@q4_k_xl,Family 3 — chunk size and strategy within metadata_enriched,factual (n=14),chunk200_dense_enriched,chunk500_hybrid_enriched,C,abstained,10,0,0,10,0,,False,
qwen3.8-27b@q4_k_xl,Family 3 — chunk size and strategy within metadata_enriched,factual (n=14),chunk200_hybrid_enriched,chunk500_bm25_enriched,C,abstained,6,0,0,6,0,,False,
qwen3.8-27b@q4_k_xl,Family 3 — chunk size and strategy within metadata_enriched,factual (n=14),chunk200_hybrid_enriched,chunk500_dense_enriched,C,abstained,10,0,0,10,0,,False,
qwen3.8-27b@q4_k_xl,Family 3 — chunk size and strategy within metadata_enriched,factual (n=14),chunk200_hybrid_enriched,chunk500_hybrid_enriched,C,abstained,10,0,0,10,0,,False,
qwen3.8-27b@q4_k_xl,Family 3 — chunk size and strategy within metadata_enriched,factual (n=14),chunk500_bm25_enriched,chunk500_dense_enriched,C,abstained,5,0,0,5,0,,False,
qwen3.8-27b@q4_k_xl,Family 3 — chunk size and strategy within metadata_enriched,factual (n=14),chunk500_bm25_enriched,chunk500_hybrid_enriched,C,abstained,6,0,0,6,0,,False,
qwen3.8-27b@q4_k_xl,Family 3 — chunk size and strategy within metadata_enriched,factual (n=14),chunk500_dense_enriched,chunk500_hybrid_enriched,C,abstained,9,0,0,9,0,,False,
qwen3.8-27b@q4_k_xl,Family 3 — chunk size and strategy within metadata_enriched,factual (n=14),chunk200_bm25_enriched,chunk200_dense_enriched,C,answered_grounded_correct,6,0,0,6,0,,False,
qwen3.8-27b@q4_k_xl,Family 3 — chunk size and strategy within metadata_enriched,factual (n=14),chunk200_bm25_enriched,chunk200_hybrid_enriched,C,answered_grounded_correct,6,0,0,6,0,,False,
qwen3.8-27b@q4_k_xl,Family 3 — chunk size and strategy within metadata_enriched,factual (n=14),chunk200_bm25_enriched,chunk500_bm25_enriched,C,answered_grounded_correct,4,0,0,4,0,,False,
qwen3.8-27b@q4_k_xl,Family 3 — chunk size and strategy within metadata_enriched,factual (n=14),chunk200_bm25_enriched,chunk500_dense_enriched,C,answered_grounded_correct,5,0,0,5,0,,False,
qwen3.8-27b@q4_k_xl,Family 3 — chunk size and strategy within metadata_enriched,factual (n=14),chunk200_bm25_enriched,chunk500_hybrid_enriched,C,answered_grounded_correct,6,0,0,6,0,,False,
qwen3.8-27b@q4_k_xl,Family 3 — chunk size and strategy within metadata_enriched,factual (n=14),chunk200_dense_enriched,chunk200_hybrid_enriched,C,answered_grounded_correct,11,0,0,11,0,,False,
qwen3.8-27b@q4_k_xl,Family 3 — chunk size and strategy within metadata_enriched,factual (n=14),chunk200_dense_enriched,chunk500_bm25_enriched,C,answered_grounded_correct,6,0,0,6,0,,False,
qwen3.8-27b@q4_k_xl,Family 3 — chunk size and strategy within metadata_enriched,factual (n=14),chunk200_dense_enriched,chunk500_dense_enriched,C,answered_grounded_correct,10,0,0,10,0,,False,
qwen3.8-27b@q4_k_xl,Family 3 — chunk size and strategy within metadata_enriched,factual (n=14),chunk200_dense_enriched,chunk500_hybrid_enriched,C,answered_grounded_correct,10,0,0,10,0,,False,
qwen3.8-27b@q4_k_xl,Family 3 — chunk size and strategy within metadata_enriched,factual (n=14),chunk200_hybrid_enriched,chunk500_bm25_enriched,C,answered_grounded_correct,6,0,0,6,0,,False,
qwen3.8-27b@q4_k_xl,Family 3 — chunk size and strategy within metadata_enriched,factual (n=14),chunk200_hybrid_enriched,chunk500_dense_enriched,C,answered_grounded_correct,10,0,0,10,0,,False,
qwen3.8-27b@q4_k_xl,Family 3 — chunk size and strategy within metadata_enriched,factual (n=14),chunk200_hybrid_enriched,chunk500_hybrid_enriched,C,answered_grounded_correct,10,0,0,10,0,,False,
qwen3.8-27b@q4_k_xl,Family 3 — chunk size and strategy within metadata_enriched,factual (n=14),chunk500_bm25_enriched,chunk500_dense_enriched,C,answered_grounded_correct,5,0,0,5,0,,False,
qwen3.8-27b@q4_k_xl,Family 3 — chunk size and strategy within metadata_enriched,factual (n=14),chunk500_bm25_enriched,chunk500_hybrid_enriched,C,answered_grounded_correct,6,0,0,6,0,,False,
qwen3.8-27b@q4_k_xl,Family 3 — chunk size and strategy within metadata_enriched,factual (n=14),chunk500_dense_enriched,chunk500_hybrid_enriched,C,answered_grounded_correct,9,0,0,9,0,,False,
qwen3.8-27b@q4_k_xl,Family 3 — chunk size and strategy within metadata_enriched,factual (n=14),chunk200_bm25_enriched,chunk200_dense_enriched,C,answered_grounded_offtarget,6,0,0,6,0,,False,
qwen3.8-27b@q4_k_xl,Family 3 — chunk size and strategy within metadata_enriched,factual (n=14),chunk200_bm25_enriched,chunk200_hybrid_enriched,C,answered_grounded_offtarget,6,0,0,6,0,,False,
qwen3.8-27b@q4_k_xl,Family 3 — chunk size and strategy within metadata_enriched,factual (n=14),chunk200_bm25_enriched,chunk500_bm25_enriched,C,answered_grounded_offtarget,4,0,0,4,0,,False,
qwen3.8-27b@q4_k_xl,Family 3 — chunk size and strategy within metadata_enriched,factual (n=14),chunk200_bm25_enriched,chunk500_dense_enriched,C,answered_grounded_offtarget,5,0,0,5,0,,False,
qwen3.8-27b@q4_k_xl,Family 3 — chunk size and strategy within metadata_enriched,factual (n=14),chunk200_bm25_enriched,chunk500_hybrid_enriched,C,answered_grounded_offtarget,6,0,0,6,0,,False,
qwen3.8-27b@q4_k_xl,Family 3 — chunk size and strategy within metadata_enriched,factual (n=14),chunk200_dense_enriched,chunk200_hybrid_enriched,C,answered_grounded_offtarget,11,0,0,11,0,,False,
qwen3.8-27b@q4_k_xl,Family 3 — chunk size and strategy within metadata_enriched,factual (n=14),chunk200_dense_enriched,chunk500_bm25_enriched,C,answered_grounded_offtarget,6,0,0,6,0,,False,
qwen3.8-27b@q4_k_xl,Family 3 — chunk size and strategy within metadata_enriched,factual (n=14),chunk200_dense_enriched,chunk500_dense_enriched,C,answered_grounded_offtarget,10,0,0,10,0,,False,
qwen3.8-27b@q4_k_xl,Family 3 — chunk size and strategy within metadata_enriched,factual (n=14),chunk200_dense_enriched,chunk500_hybrid_enriched,C,answered_grounded_offtarget,10,0,0,10,0,,False,
qwen3.8-27b@q4_k_xl,Family 3 — chunk size and strategy within metadata_enriched,factual (n=14),chunk200_hybrid_enriched,chunk500_bm25_enriched,C,answered_grounded_offtarget,6,0,0,6,0,,False,
qwen3.8-27b@q4_k_xl,Family 3 — chunk size and strategy within metadata_enriched,factual (n=14),chunk200_hybrid_enriched,chunk500_dense_enriched,C,answered_grounded_offtarget,10,0,0,10,0,,False,
qwen3.8-27b@q4_k_xl,Family 3 — chunk size and strategy within metadata_enriched,factual (n=14),chunk200_hybrid_enriched,chunk500_hybrid_enriched,C,answered_grounded_offtarget,10,0,0,10,0,,False,
qwen3.8-27b@q4_k_xl,Family 3 — chunk size and strategy within metadata_enriched,factual (n=14),chunk500_bm25_enriched,chunk500_dense_enriched,C,answered_grounded_offtarget,5,0,0,5,0,,False,
qwen3.8-27b@q4_k_xl,Family 3 — chunk size and strategy within metadata_enriched,factual (n=14),chunk500_bm25_enriched,chunk500_hybrid_enriched,C,answered_grounded_offtarget,6,0,0,6,0,,False,
qwen3.8-27b@q4_k_xl,Family 3 — chunk size and strategy within metadata_enriched,factual (n=14),chunk500_dense_enriched,chunk500_hybrid_enriched,C,answered_grounded_offtarget,9,0,0,9,0,,False,
qwen3.8-27b@q4_k_xl,Family 3 — chunk size and strategy within metadata_enriched,factual (n=14),chunk200_bm25_enriched,chunk200_dense_enriched,C,answered_ungrounded,6,0,0,6,0,,False,
qwen3.8-27b@q4_k_xl,Family 3 — chunk size and strategy within metadata_enriched,factual (n=14),chunk200_bm25_enriched,chunk200_hybrid_enriched,C,answered_ungrounded,6,0,0,6,0,,False,
qwen3.8-27b@q4_k_xl,Family 3 — chunk size and strategy within metadata_enriched,factual (n=14),chunk200_bm25_enriched,chunk500_bm25_enriched,C,answered_ungrounded,4,0,0,4,0,,False,
qwen3.8-27b@q4_k_xl,Family 3 — chunk size and strategy within metadata_enriched,factual (n=14),chunk200_bm25_enriched,chunk500_dense_enriched,C,answered_ungrounded,5,0,0,5,0,,False,
qwen3.8-27b@q4_k_xl,Family 3 — chunk size and strategy within metadata_enriched,factual (n=14),chunk200_bm25_enriched,chunk500_hybrid_enriched,C,answered_ungrounded,6,0,0,6,0,,False,
qwen3.8-27b@q4_k_xl,Family 3 — chunk size and strategy within metadata_enriched,factual (n=14),chunk200_dense_enriched,chunk200_hybrid_enriched,C,answered_ungrounded,11,0,0,11,0,,False,
qwen3.8-27b@q4_k_xl,Family 3 — chunk size and strategy within metadata_enriched,factual (n=14),chunk200_dense_enriched,chunk500_bm25_enriched,C,answered_ungrounded,6,0,0,6,0,,False,
qwen3.8-27b@q4_k_xl,Family 3 — chunk size and strategy within metadata_enriched,factual (n=14),chunk200_dense_enriched,chunk500_dense_enriched,C,answered_ungrounded,10,0,0,10,0,,False,
qwen3.8-27b@q4_k_xl,Family 3 — chunk size and strategy within metadata_enriched,factual (n=14),chunk200_dense_enriched,chunk500_hybrid_enriched,C,answered_ungrounded,10,0,0,10,0,,False,
qwen3.8-27b@q4_k_xl,Family 3 — chunk size and strategy within metadata_enriched,factual (n=14),chunk200_hybrid_enriched,chunk500_bm25_enriched,C,answered_ungrounded,6,0,0,6,0,,False,
qwen3.8-27b@q4_k_xl,Family 3 — chunk size and strategy within metadata_enriched,factual (n=14),chunk200_hybrid_enriched,chunk500_dense_enriched,C,answered_ungrounded,10,0,0,10,0,,False,
qwen3.8-27b@q4_k_xl,Family 3 — chunk size and strategy within metadata_enriched,factual (n=14),chunk200_hybrid_enriched,chunk500_hybrid_enriched,C,answered_ungrounded,10,0,0,10,0,,False,
qwen3.8-27b@q4_k_xl,Family 3 — chunk size and strategy within metadata_enriched,factual (n=14),chunk500_bm25_enriched,chunk500_dense_enriched,C,answered_ungrounded,5,0,0,5,0,,False,
qwen3.8-27b@q4_k_xl,Family 3 — chunk size and strategy within metadata_enriched,factual (n=14),chunk500_bm25_enriched,chunk500_hybrid_enriched,C,answered_ungrounded,6,0,0,6,0,,False,
qwen3.8-27b@q4_k_xl,Family 3 — chunk size and strategy within metadata_enriched,factual (n=14),chunk500_dense_enriched,chunk500_hybrid_enriched,C,answered_ungrounded,9,0,0,9,0,,False,
qwen3.8-27b@q4_k_xl,Family 3 — chunk size and strategy within metadata_enriched,thematic (n=15),chunk200_bm25_enriched,chunk200_dense_enriched,B,abstained,11,1,0,10,1,1.0,True,1.0
qwen3.8-27b@q4_k_xl,Family 3 — chunk size and strategy within metadata_enriched,thematic (n=15),chunk200_bm25_enriched,chunk200_hybrid_enriched,B,abstained,12,2,0,10,2,0.5,True,1.0
qwen3.8-27b@q4_k_xl,Family 3 — chunk size and strategy within metadata_enriched,thematic (n=15),chunk200_bm25_enriched,chunk500_bm25_enriched,B,abstained,14,2,2,10,4,1.0,True,1.0
qwen3.8-27b@q4_k_xl,Family 3 — chunk size and strategy within metadata_enriched,thematic (n=15),chunk200_bm25_enriched,chunk500_dense_enriched,B,abstained,11,2,0,9,2,0.5,True,1.0
qwen3.8-27b@q4_k_xl,Family 3 — chunk size and strategy within metadata_enriched,thematic (n=15),chunk200_bm25_enriched,chunk500_hybrid_enriched,B,abstained,11,2,1,8,3,1.0,True,1.0
qwen3.8-27b@q4_k_xl,Family 3 — chunk size and strategy within metadata_enriched,thematic (n=15),chunk200_dense_enriched,chunk200_hybrid_enriched,B,abstained,11,1,0,10,1,1.0,True,1.0
qwen3.8-27b@q4_k_xl,Family 3 — chunk size and strategy within metadata_enriched,thematic (n=15),chunk200_dense_enriched,chunk500_bm25_enriched,B,abstained,11,1,1,9,2,1.0,True,1.0
qwen3.8-27b@q4_k_xl,Family 3 — chunk size and strategy within metadata_enriched,thematic (n=15),chunk200_dense_enriched,chunk500_dense_enriched,B,abstained,10,1,0,9,1,1.0,True,1.0
qwen3.8-27b@q4_k_xl,Family 3 — chunk size and strategy within metadata_enriched,thematic (n=15),chunk200_dense_enriched,chunk500_hybrid_enriched,B,abstained,10,1,0,9,1,1.0,True,1.0
qwen3.8-27b@q4_k_xl,Family 3 — chunk size and strategy within metadata_enriched,thematic (n=15),chunk200_hybrid_enriched,chunk500_bm25_enriched,B,abstained,12,1,2,9,3,1.0,True,1.0
qwen3.8-27b@q4_k_xl,Family 3 — chunk size and strategy within metadata_enriched,thematic (n=15),chunk200_hybrid_enriched,chunk500_dense_enriched,B,abstained,10,1,0,9,1,1.0,True,1.0
qwen3.8-27b@q4_k_xl,Family 3 — chunk size and strategy within metadata_enriched,thematic (n=15),chunk200_hybrid_enriched,chunk500_hybrid_enriched,B,abstained,10,1,0,9,1,1.0,True,1.0
qwen3.8-27b@q4_k_xl,Family 3 — chunk size and strategy within metadata_enriched,thematic (n=15),chunk500_bm25_enriched,chunk500_dense_enriched,B,abstained,11,2,0,9,2,0.5,True,1.0
qwen3.8-27b@q4_k_xl,Family 3 — chunk size and strategy within metadata_enriched,thematic (n=15),chunk500_bm25_enriched,chunk500_hybrid_enriched,B,abstained,11,1,0,10,1,1.0,True,1.0
qwen3.8-27b@q4_k_xl,Family 3 — chunk size and strategy within metadata_enriched,thematic (n=15),chunk500_dense_enriched,chunk500_hybrid_enriched,B,abstained,11,0,1,10,1,1.0,True,1.0
qwen3.8-27b@q4_k_xl,Family 3 — chunk size and strategy within metadata_enriched,thematic (n=15),chunk200_bm25_enriched,chunk200_dense_enriched,B,answered_grounded_correct,11,1,0,10,1,1.0,True,1.0
qwen3.8-27b@q4_k_xl,Family 3 — chunk size and strategy within metadata_enriched,thematic (n=15),chunk200_bm25_enriched,chunk200_hybrid_enriched,B,answered_grounded_correct,12,0,1,11,1,1.0,True,1.0
qwen3.8-27b@q4_k_xl,Family 3 — chunk size and strategy within metadata_enriched,thematic (n=15),chunk200_bm25_enriched,chunk500_bm25_enriched,B,answered_grounded_correct,14,2,0,12,2,0.5,True,1.0
qwen3.8-27b@q4_k_xl,Family 3 — chunk size and strategy within metadata_enriched,thematic (n=15),chunk200_bm25_enriched,chunk500_dense_enriched,B,answered_grounded_correct,11,3,0,8,3,0.25,True,1.0
qwen3.8-27b@q4_k_xl,Family 3 — chunk size and strategy within metadata_enriched,thematic (n=15),chunk200_bm25_enriched,chunk500_hybrid_enriched,B,answered_grounded_correct,11,2,0,9,2,0.5,True,1.0
qwen3.8-27b@q4_k_xl,Family 3 — chunk size and strategy within metadata_enriched,thematic (n=15),chunk200_dense_enriched,chunk200_hybrid_enriched,B,answered_grounded_correct,11,0,2,9,2,0.5,True,1.0
qwen3.8-27b@q4_k_xl,Family 3 — chunk size and strategy within metadata_enriched,thematic (n=15),chunk200_dense_enriched,chunk500_bm25_enriched,B,answered_grounded_correct,11,1,1,9,2,1.0,True,1.0
qwen3.8-27b@q4_k_xl,Family 3 — chunk size and strategy within metadata_enriched,thematic (n=15),chunk200_dense_enriched,chunk500_dense_enriched,B,answered_grounded_correct,10,1,0,9,1,1.0,True,1.0
qwen3.8-27b@q4_k_xl,Family 3 — chunk size and strategy within metadata_enriched,thematic (n=15),chunk200_dense_enriched,chunk500_hybrid_enriched,B,answered_grounded_correct,10,0,0,10,0,,False,
qwen3.8-27b@q4_k_xl,Family 3 — chunk size and strategy within metadata_enriched,thematic (n=15),chunk200_hybrid_enriched,chunk500_bm25_enriched,B,answered_grounded_correct,12,2,0,10,2,0.5,True,1.0
qwen3.8-27b@q4_k_xl,Family 3 — chunk size and strategy within metadata_enriched,thematic (n=15),chunk200_hybrid_enriched,chunk500_dense_enriched,B,answered_grounded_correct,10,3,0,7,3,0.25,True,1.0
qwen3.8-27b@q4_k_xl,Family 3 — chunk size and strategy within metadata_enriched,thematic (n=15),chunk200_hybrid_enriched,chunk500_hybrid_enriched,B,answered_grounded_correct,10,2,0,8,2,0.5,True,1.0
qwen3.8-27b@q4_k_xl,Family 3 — chunk size and strategy within metadata_enriched,thematic (n=15),chunk500_bm25_enriched,chunk500_dense_enriched,B,answered_grounded_correct,11,1,0,10,1,1.0,True,1.0
qwen3.8-27b@q4_k_xl,Family 3 — chunk size and strategy within metadata_enriched,thematic (n=15),chunk500_bm25_enriched,chunk500_hybrid_enriched,B,answered_grounded_correct,11,1,1,9,2,1.0,True,1.0
qwen3.8-27b@q4_k_xl,Family 3 — chunk size and strategy within metadata_enriched,thematic (n=15),chunk500_dense_enriched,chunk500_hybrid_enriched,B,answered_grounded_correct,11,0,1,10,1,1.0,True,1.0
qwen3.8-27b@q4_k_xl,Family 3 — chunk size and strategy within metadata_enriched,thematic (n=15),chunk200_bm25_enriched,chunk200_dense_enriched,B,answered_grounded_offtarget,11,0,2,9,2,0.5,True,1.0
qwen3.8-27b@q4_k_xl,Family 3 — chunk size and strategy within metadata_enriched,thematic (n=15),chunk200_bm25_enriched,chunk200_hybrid_enriched,B,answered_grounded_offtarget,12,2,1,9,3,1.0,True,1.0
qwen3.8-27b@q4_k_xl,Family 3 — chunk size and strategy within metadata_enriched,thematic (n=15),chunk200_bm25_enriched,chunk500_bm25_enriched,B,answered_grounded_offtarget,14,0,2,12,2,0.5,True,1.0
qwen3.8-27b@q4_k_xl,Family 3 — chunk size and strategy within metadata_enriched,thematic (n=15),chunk200_bm25_enriched,chunk500_dense_enriched,B,answered_grounded_offtarget,11,1,4,6,5,0.375,True,1.0
qwen3.8-27b@q4_k_xl,Family 3 — chunk size and strategy within metadata_enriched,thematic (n=15),chunk200_bm25_enriched,chunk500_hybrid_enriched,B,answered_grounded_offtarget,11,0,3,8,3,0.25,True,1.0
qwen3.8-27b@q4_k_xl,Family 3 — chunk size and strategy within metadata_enriched,thematic (n=15),chunk200_dense_enriched,chunk200_hybrid_enriched,B,answered_grounded_offtarget,11,3,0,8,3,0.25,True,1.0
qwen3.8-27b@q4_k_xl,Family 3 — chunk size and strategy within metadata_enriched,thematic (n=15),chunk200_dense_enriched,chunk500_bm25_enriched,B,answered_grounded_offtarget,11,1,1,9,2,1.0,True,1.0
qwen3.8-27b@q4_k_xl,Family 3 — chunk size and strategy within metadata_enriched,thematic (n=15),chunk200_dense_enriched,chunk500_dense_enriched,B,answered_grounded_offtarget,10,1,1,8,2,1.0,True,1.0
qwen3.8-27b@q4_k_xl,Family 3 — chunk size and strategy within metadata_enriched,thematic (n=15),chunk200_dense_enriched,chunk500_hybrid_enriched,B,answered_grounded_offtarget,10,0,1,9,1,1.0,True,1.0
qwen3.8-27b@q4_k_xl,Family 3 — chunk size and strategy within metadata_enriched,thematic (n=15),chunk200_hybrid_enriched,chunk500_bm25_enriched,B,answered_grounded_offtarget,12,0,3,9,3,0.25,True,1.0
qwen3.8-27b@q4_k_xl,Family 3 — chunk size and strategy within metadata_enriched,thematic (n=15),chunk200_hybrid_enriched,chunk500_dense_enriched,B,answered_grounded_offtarget,10,0,3,7,3,0.25,True,1.0
qwen3.8-27b@q4_k_xl,Family 3 — chunk size and strategy within metadata_enriched,thematic (n=15),chunk200_hybrid_enriched,chunk500_hybrid_enriched,B,answered_grounded_offtarget,10,0,4,6,4,0.125,True,1.0
qwen3.8-27b@q4_k_xl,Family 3 — chunk size and strategy within metadata_enriched,thematic (n=15),chunk500_bm25_enriched,chunk500_dense_enriched,B,answered_grounded_offtarget,11,2,3,6,5,1.0,True,1.0
qwen3.8-27b@q4_k_xl,Family 3 — chunk size and strategy within metadata_enriched,thematic (n=15),chunk500_bm25_enriched,chunk500_hybrid_enriched,B,answered_grounded_offtarget,11,0,1,10,1,1.0,True,1.0
qwen3.8-27b@q4_k_xl,Family 3 — chunk size and strategy within metadata_enriched,thematic (n=15),chunk500_dense_enriched,chunk500_hybrid_enriched,B,answered_grounded_offtarget,11,2,2,7,4,1.0,True,1.0
qwen3.8-27b@q4_k_xl,Family 3 — chunk size and strategy within metadata_enriched,thematic (n=15),chunk200_bm25_enriched,chunk200_dense_enriched,B,answered_ungrounded,11,0,0,11,0,,False,
qwen3.8-27b@q4_k_xl,Family 3 — chunk size and strategy within metadata_enriched,thematic (n=15),chunk200_bm25_enriched,chunk200_hybrid_enriched,B,answered_ungrounded,12,0,2,10,2,0.5,True,1.0
qwen3.8-27b@q4_k_xl,Family 3 — chunk size and strategy within metadata_enriched,thematic (n=15),chunk200_bm25_enriched,chunk500_bm25_enriched,B,answered_ungrounded,14,0,0,14,0,,False,
qwen3.8-27b@q4_k_xl,Family 3 — chunk size and strategy within metadata_enriched,thematic (n=15),chunk200_bm25_enriched,chunk500_dense_enriched,B,answered_ungrounded,11,0,2,9,2,0.5,True,1.0
qwen3.8-27b@q4_k_xl,Family 3 — chunk size and strategy within metadata_enriched,thematic (n=15),chunk200_bm25_enriched,chunk500_hybrid_enriched,B,answered_ungrounded,11,0,0,11,0,,False,
qwen3.8-27b@q4_k_xl,Family 3 — chunk size and strategy within metadata_enriched,thematic (n=15),chunk200_dense_enriched,chunk200_hybrid_enriched,B,answered_ungrounded,11,0,2,9,2,0.5,True,1.0
qwen3.8-27b@q4_k_xl,Family 3 — chunk size and strategy within metadata_enriched,thematic (n=15),chunk200_dense_enriched,chunk500_bm25_enriched,B,answered_ungrounded,11,0,0,11,0,,False,
qwen3.8-27b@q4_k_xl,Family 3 — chunk size and strategy within metadata_enriched,thematic (n=15),chunk200_dense_enriched,chunk500_dense_enriched,B,answered_ungrounded,10,0,2,8,2,0.5,True,1.0
qwen3.8-27b@q4_k_xl,Family 3 — chunk size and strategy within metadata_enriched,thematic (n=15),chunk200_dense_enriched,chunk500_hybrid_enriched,B,answered_ungrounded,10,0,0,10,0,,False,
qwen3.8-27b@q4_k_xl,Family 3 — chunk size and strategy within metadata_enriched,thematic (n=15),chunk200_hybrid_enriched,chunk500_bm25_enriched,B,answered_ungrounded,12,2,0,10,2,0.5,True,1.0
qwen3.8-27b@q4_k_xl,Family 3 — chunk size and strategy within metadata_enriched,thematic (n=15),chunk200_hybrid_enriched,chunk500_dense_enriched,B,answered_ungrounded,10,0,1,9,1,1.0,True,1.0
qwen3.8-27b@q4_k_xl,Family 3 — chunk size and strategy within metadata_enriched,thematic (n=15),chunk200_hybrid_enriched,chunk500_hybrid_enriched,B,answered_ungrounded,10,1,0,9,1,1.0,True,1.0
qwen3.8-27b@q4_k_xl,Family 3 — chunk size and strategy within metadata_enriched,thematic (n=15),chunk500_bm25_enriched,chunk500_dense_enriched,B,answered_ungrounded,11,0,2,9,2,0.5,True,1.0
qwen3.8-27b@q4_k_xl,Family 3 — chunk size and strategy within metadata_enriched,thematic (n=15),chunk500_bm25_enriched,chunk500_hybrid_enriched,B,answered_ungrounded,11,0,0,11,0,,False,
qwen3.8-27b@q4_k_xl,Family 3 — chunk size and strategy within metadata_enriched,thematic (n=15),chunk500_dense_enriched,chunk500_hybrid_enriched,B,answered_ungrounded,11,2,0,9,2,0.5,True,1.0
qwen3.8-27b@q4_k_xl,Family 3 — chunk size and strategy within metadata_enriched,thematic (n=15),chunk200_bm25_enriched,chunk200_dense_enriched,C,abstained,0,0,0,0,0,,False,
qwen3.8-27b@q4_k_xl,Family 3 — chunk size and strategy within metadata_enriched,thematic (n=15),chunk200_bm25_enriched,chunk200_hybrid_enriched,C,abstained,1,0,0,1,0,,False,
qwen3.8-27b@q4_k_xl,Family 3 — chunk size and strategy within metadata_enriched,thematic (n=15),chunk200_bm25_enriched,chunk500_bm25_enriched,C,abstained,1,0,0,1,0,,False,
qwen3.8-27b@q4_k_xl,Family 3 — chunk size and strategy within metadata_enriched,thematic (n=15),chunk200_bm25_enriched,chunk500_dense_enriched,C,abstained,1,0,0,1,0,,False,
qwen3.8-27b@q4_k_xl,Family 3 — chunk size and strategy within metadata_enriched,thematic (n=15),chunk200_bm25_enriched,chunk500_hybrid_enriched,C,abstained,1,0,0,1,0,,False,
qwen3.8-27b@q4_k_xl,Family 3 — chunk size and strategy within metadata_enriched,thematic (n=15),chunk200_dense_enriched,chunk200_hybrid_enriched,C,abstained,2,0,0,2,0,,False,
qwen3.8-27b@q4_k_xl,Family 3 — chunk size and strategy within metadata_enriched,thematic (n=15),chunk200_dense_enriched,chunk500_bm25_enriched,C,abstained,0,0,0,0,0,,False,
qwen3.8-27b@q4_k_xl,Family 3 — chunk size and strategy within metadata_enriched,thematic (n=15),chunk200_dense_enriched,chunk500_dense_enriched,C,abstained,2,0,0,2,0,,False,
qwen3.8-27b@q4_k_xl,Family 3 — chunk size and strategy within metadata_enriched,thematic (n=15),chunk200_dense_enriched,chunk500_hybrid_enriched,C,abstained,2,0,0,2,0,,False,
qwen3.8-27b@q4_k_xl,Family 3 — chunk size and strategy within metadata_enriched,thematic (n=15),chunk200_hybrid_enriched,chunk500_bm25_enriched,C,abstained,1,0,0,1,0,,False,
qwen3.8-27b@q4_k_xl,Family 3 — chunk size and strategy within metadata_enriched,thematic (n=15),chunk200_hybrid_enriched,chunk500_dense_enriched,C,abstained,2,0,0,2,0,,False,
qwen3.8-27b@q4_k_xl,Family 3 — chunk size and strategy within metadata_enriched,thematic (n=15),chunk200_hybrid_enriched,chunk500_hybrid_enriched,C,abstained,2,0,0,2,0,,False,
qwen3.8-27b@q4_k_xl,Family 3 — chunk size and strategy within metadata_enriched,thematic (n=15),chunk500_bm25_enriched,chunk500_dense_enriched,C,abstained,1,0,0,1,0,,False,
qwen3.8-27b@q4_k_xl,Family 3 — chunk size and strategy within metadata_enriched,thematic (n=15),chunk500_bm25_enriched,chunk500_hybrid_enriched,C,abstained,1,0,0,1,0,,False,
qwen3.8-27b@q4_k_xl,Family 3 — chunk size and strategy within metadata_enriched,thematic (n=15),chunk500_dense_enriched,chunk500_hybrid_enriched,C,abstained,4,0,1,3,1,1.0,True,1.0
qwen3.8-27b@q4_k_xl,Family 3 — chunk size and strategy within metadata_enriched,thematic (n=15),chunk200_bm25_enriched,chunk200_dense_enriched,C,answered_grounded_correct,0,0,0,0,0,,False,
qwen3.8-27b@q4_k_xl,Family 3 — chunk size and strategy within metadata_enriched,thematic (n=15),chunk200_bm25_enriched,chunk200_hybrid_enriched,C,answered_grounded_correct,1,0,0,1,0,,False,
qwen3.8-27b@q4_k_xl,Family 3 — chunk size and strategy within metadata_enriched,thematic (n=15),chunk200_bm25_enriched,chunk500_bm25_enriched,C,answered_grounded_correct,1,0,0,1,0,,False,
qwen3.8-27b@q4_k_xl,Family 3 — chunk size and strategy within metadata_enriched,thematic (n=15),chunk200_bm25_enriched,chunk500_dense_enriched,C,answered_grounded_correct,1,0,0,1,0,,False,
qwen3.8-27b@q4_k_xl,Family 3 — chunk size and strategy within metadata_enriched,thematic (n=15),chunk200_bm25_enriched,chunk500_hybrid_enriched,C,answered_grounded_correct,1,0,0,1,0,,False,
qwen3.8-27b@q4_k_xl,Family 3 — chunk size and strategy within metadata_enriched,thematic (n=15),chunk200_dense_enriched,chunk200_hybrid_enriched,C,answered_grounded_correct,2,0,0,2,0,,False,
qwen3.8-27b@q4_k_xl,Family 3 — chunk size and strategy within metadata_enriched,thematic (n=15),chunk200_dense_enriched,chunk500_bm25_enriched,C,answered_grounded_correct,0,0,0,0,0,,False,
qwen3.8-27b@q4_k_xl,Family 3 — chunk size and strategy within metadata_enriched,thematic (n=15),chunk200_dense_enriched,chunk500_dense_enriched,C,answered_grounded_correct,2,0,0,2,0,,False,
qwen3.8-27b@q4_k_xl,Family 3 — chunk size and strategy within metadata_enriched,thematic (n=15),chunk200_dense_enriched,chunk500_hybrid_enriched,C,answered_grounded_correct,2,0,0,2,0,,False,
qwen3.8-27b@q4_k_xl,Family 3 — chunk size and strategy within metadata_enriched,thematic (n=15),chunk200_hybrid_enriched,chunk500_bm25_enriched,C,answered_grounded_correct,1,0,0,1,0,,False,
qwen3.8-27b@q4_k_xl,Family 3 — chunk size and strategy within metadata_enriched,thematic (n=15),chunk200_hybrid_enriched,chunk500_dense_enriched,C,answered_grounded_correct,2,0,0,2,0,,False,
qwen3.8-27b@q4_k_xl,Family 3 — chunk size and strategy within metadata_enriched,thematic (n=15),chunk200_hybrid_enriched,chunk500_hybrid_enriched,C,answered_grounded_correct,2,0,0,2,0,,False,
qwen3.8-27b@q4_k_xl,Family 3 — chunk size and strategy within metadata_enriched,thematic (n=15),chunk500_bm25_enriched,chunk500_dense_enriched,C,answered_grounded_correct,1,0,0,1,0,,False,
qwen3.8-27b@q4_k_xl,Family 3 — chunk size and strategy within metadata_enriched,thematic (n=15),chunk500_bm25_enriched,chunk500_hybrid_enriched,C,answered_grounded_correct,1,0,0,1,0,,False,
qwen3.8-27b@q4_k_xl,Family 3 — chunk size and strategy within metadata_enriched,thematic (n=15),chunk500_dense_enriched,chunk500_hybrid_enriched,C,answered_grounded_correct,4,1,0,3,1,1.0,True,1.0
qwen3.8-27b@q4_k_xl,Family 3 — chunk size and strategy within metadata_enriched,thematic (n=15),chunk200_bm25_enriched,chunk200_dense_enriched,C,answered_grounded_offtarget,0,0,0,0,0,,False,
qwen3.8-27b@q4_k_xl,Family 3 — chunk size and strategy within metadata_enriched,thematic (n=15),chunk200_bm25_enriched,chunk200_hybrid_enriched,C,answered_grounded_offtarget,1,0,0,1,0,,False,
qwen3.8-27b@q4_k_xl,Family 3 — chunk size and strategy within metadata_enriched,thematic (n=15),chunk200_bm25_enriched,chunk500_bm25_enriched,C,answered_grounded_offtarget,1,0,0,1,0,,False,
qwen3.8-27b@q4_k_xl,Family 3 — chunk size and strategy within metadata_enriched,thematic (n=15),chunk200_bm25_enriched,chunk500_dense_enriched,C,answered_grounded_offtarget,1,0,0,1,0,,False,
qwen3.8-27b@q4_k_xl,Family 3 — chunk size and strategy within metadata_enriched,thematic (n=15),chunk200_bm25_enriched,chunk500_hybrid_enriched,C,answered_grounded_offtarget,1,0,0,1,0,,False,
qwen3.8-27b@q4_k_xl,Family 3 — chunk size and strategy within metadata_enriched,thematic (n=15),chunk200_dense_enriched,chunk200_hybrid_enriched,C,answered_grounded_offtarget,2,0,0,2,0,,False,
qwen3.8-27b@q4_k_xl,Family 3 — chunk size and strategy within metadata_enriched,thematic (n=15),chunk200_dense_enriched,chunk500_bm25_enriched,C,answered_grounded_offtarget,0,0,0,0,0,,False,
qwen3.8-27b@q4_k_xl,Family 3 — chunk size and strategy within metadata_enriched,thematic (n=15),chunk200_dense_enriched,chunk500_dense_enriched,C,answered_grounded_offtarget,2,0,0,2,0,,False,
qwen3.8-27b@q4_k_xl,Family 3 — chunk size and strategy within metadata_enriched,thematic (n=15),chunk200_dense_enriched,chunk500_hybrid_enriched,C,answered_grounded_offtarget,2,0,0,2,0,,False,
qwen3.8-27b@q4_k_xl,Family 3 — chunk size and strategy within metadata_enriched,thematic (n=15),chunk200_hybrid_enriched,chunk500_bm25_enriched,C,answered_grounded_offtarget,1,0,0,1,0,,False,
qwen3.8-27b@q4_k_xl,Family 3 — chunk size and strategy within metadata_enriched,thematic (n=15),chunk200_hybrid_enriched,chunk500_dense_enriched,C,answered_grounded_offtarget,2,0,0,2,0,,False,
qwen3.8-27b@q4_k_xl,Family 3 — chunk size and strategy within metadata_enriched,thematic (n=15),chunk200_hybrid_enriched,chunk500_hybrid_enriched,C,answered_grounded_offtarget,2,0,0,2,0,,False,
qwen3.8-27b@q4_k_xl,Family 3 — chunk size and strategy within metadata_enriched,thematic (n=15),chunk500_bm25_enriched,chunk500_dense_enriched,C,answered_grounded_offtarget,1,0,0,1,0,,False,
qwen3.8-27b@q4_k_xl,Family 3 — chunk size and strategy within metadata_enriched,thematic (n=15),chunk500_bm25_enriched,chunk500_hybrid_enriched,C,answered_grounded_offtarget,1,0,0,1,0,,False,
qwen3.8-27b@q4_k_xl,Family 3 — chunk size and strategy within metadata_enriched,thematic (n=15),chunk500_dense_enriched,chunk500_hybrid_enriched,C,answered_grounded_offtarget,4,0,0,4,0,,False,
qwen3.8-27b@q4_k_xl,Family 3 — chunk size and strategy within metadata_enriched,thematic (n=15),chunk200_bm25_enriched,chunk200_dense_enriched,C,answered_ungrounded,0,0,0,0,0,,False,
qwen3.8-27b@q4_k_xl,Family 3 — chunk size and strategy within metadata_enriched,thematic (n=15),chunk200_bm25_enriched,chunk200_hybrid_enriched,C,answered_ungrounded,1,0,0,1,0,,False,
qwen3.8-27b@q4_k_xl,Family 3 — chunk size and strategy within metadata_enriched,thematic (n=15),chunk200_bm25_enriched,chunk500_bm25_enriched,C,answered_ungrounded,1,0,0,1,0,,False,
qwen3.8-27b@q4_k_xl,Family 3 — chunk size and strategy within metadata_enriched,thematic (n=15),chunk200_bm25_enriched,chunk500_dense_enriched,C,answered_ungrounded,1,0,0,1,0,,False,
qwen3.8-27b@q4_k_xl,Family 3 — chunk size and strategy within metadata_enriched,thematic (n=15),chunk200_bm25_enriched,chunk500_hybrid_enriched,C,answered_ungrounded,1,0,0,1,0,,False,
qwen3.8-27b@q4_k_xl,Family 3 — chunk size and strategy within metadata_enriched,thematic (n=15),chunk200_dense_enriched,chunk200_hybrid_enriched,C,answered_ungrounded,2,0,0,2,0,,False,
qwen3.8-27b@q4_k_xl,Family 3 — chunk size and strategy within metadata_enriched,thematic (n=15),chunk200_dense_enriched,chunk500_bm25_enriched,C,answered_ungrounded,0,0,0,0,0,,False,
qwen3.8-27b@q4_k_xl,Family 3 — chunk size and strategy within metadata_enriched,thematic (n=15),chunk200_dense_enriched,chunk500_dense_enriched,C,answered_ungrounded,2,0,0,2,0,,False,
qwen3.8-27b@q4_k_xl,Family 3 — chunk size and strategy within metadata_enriched,thematic (n=15),chunk200_dense_enriched,chunk500_hybrid_enriched,C,answered_ungrounded,2,0,0,2,0,,False,
qwen3.8-27b@q4_k_xl,Family 3 — chunk size and strategy within metadata_enriched,thematic (n=15),chunk200_hybrid_enriched,chunk500_bm25_enriched,C,answered_ungrounded,1,0,0,1,0,,False,
qwen3.8-27b@q4_k_xl,Family 3 — chunk size and strategy within metadata_enriched,thematic (n=15),chunk200_hybrid_enriched,chunk500_dense_enriched,C,answered_ungrounded,2,0,0,2,0,,False,
qwen3.8-27b@q4_k_xl,Family 3 — chunk size and strategy within metadata_enriched,thematic (n=15),chunk200_hybrid_enriched,chunk500_hybrid_enriched,C,answered_ungrounded,2,0,0,2,0,,False,
qwen3.8-27b@q4_k_xl,Family 3 — chunk size and strategy within metadata_enriched,thematic (n=15),chunk500_bm25_enriched,chunk500_dense_enriched,C,answered_ungrounded,1,0,0,1,0,,False,
qwen3.8-27b@q4_k_xl,Family 3 — chunk size and strategy within metadata_enriched,thematic (n=15),chunk500_bm25_enriched,chunk500_hybrid_enriched,C,answered_ungrounded,1,0,0,1,0,,False,
qwen3.8-27b@q4_k_xl,Family 3 — chunk size and strategy within metadata_enriched,thematic (n=15),chunk500_dense_enriched,chunk500_hybrid_enriched,C,answered_ungrounded,4,0,0,4,0,,False,
qwen3.8-27b@q4_k_xl,Family 3 — chunk size and strategy within metadata_enriched,comparative (n=11),chunk200_bm25_enriched,chunk200_dense_enriched,B,abstained,4,0,1,3,1,1.0,True,1.0
qwen3.8-27b@q4_k_xl,Family 3 — chunk size and strategy within metadata_enriched,comparative (n=11),chunk200_bm25_enriched,chunk200_hybrid_enriched,B,abstained,5,1,1,3,2,1.0,True,1.0
qwen3.8-27b@q4_k_xl,Family 3 — chunk size and strategy within metadata_enriched,comparative (n=11),chunk200_bm25_enriched,chunk500_bm25_enriched,B,abstained,6,0,1,5,1,1.0,True,1.0
qwen3.8-27b@q4_k_xl,Family 3 — chunk size and strategy within metadata_enriched,comparative (n=11),chunk200_bm25_enriched,chunk500_dense_enriched,B,abstained,6,3,1,2,4,0.625,True,1.0
qwen3.8-27b@q4_k_xl,Family 3 — chunk size and strategy within metadata_enriched,comparative (n=11),chunk200_bm25_enriched,chunk500_hybrid_enriched,B,abstained,5,0,1,4,1,1.0,True,1.0
qwen3.8-27b@q4_k_xl,Family 3 — chunk size and strategy within metadata_enriched,comparative (n=11),chunk200_dense_enriched,chunk200_hybrid_enriched,B,abstained,3,0,0,3,0,,False,
qwen3.8-27b@q4_k_xl,Family 3 — chunk size and strategy within metadata_enriched,comparative (n=11),chunk200_dense_enriched,chunk500_bm25_enriched,B,abstained,4,0,0,4,0,,False,
qwen3.8-27b@q4_k_xl,Family 3 — chunk size and strategy within metadata_enriched,comparative (n=11),chunk200_dense_enriched,chunk500_dense_enriched,B,abstained,4,1,0,3,1,1.0,True,1.0
qwen3.8-27b@q4_k_xl,Family 3 — chunk size and strategy within metadata_enriched,comparative (n=11),chunk200_dense_enriched,chunk500_hybrid_enriched,B,abstained,3,0,0,3,0,,False,
qwen3.8-27b@q4_k_xl,Family 3 — chunk size and strategy within metadata_enriched,comparative (n=11),chunk200_hybrid_enriched,chunk500_bm25_enriched,B,abstained,4,0,0,4,0,,False,
qwen3.8-27b@q4_k_xl,Family 3 — chunk size and strategy within metadata_enriched,comparative (n=11),chunk200_hybrid_enriched,chunk500_dense_enriched,B,abstained,4,1,0,3,1,1.0,True,1.0
qwen3.8-27b@q4_k_xl,Family 3 — chunk size and strategy within metadata_enriched,comparative (n=11),chunk200_hybrid_enriched,chunk500_hybrid_enriched,B,abstained,3,0,0,3,0,,False,
qwen3.8-27b@q4_k_xl,Family 3 — chunk size and strategy within metadata_enriched,comparative (n=11),chunk500_bm25_enriched,chunk500_dense_enriched,B,abstained,5,2,0,3,2,0.5,True,1.0
qwen3.8-27b@q4_k_xl,Family 3 — chunk size and strategy within metadata_enriched,comparative (n=11),chunk500_bm25_enriched,chunk500_hybrid_enriched,B,abstained,6,0,0,6,0,,False,
qwen3.8-27b@q4_k_xl,Family 3 — chunk size and strategy within metadata_enriched,comparative (n=11),chunk500_dense_enriched,chunk500_hybrid_enriched,B,abstained,4,0,1,3,1,1.0,True,1.0
qwen3.8-27b@q4_k_xl,Family 3 — chunk size and strategy within metadata_enriched,comparative (n=11),chunk200_bm25_enriched,chunk200_dense_enriched,B,answered_grounded_correct,4,0,0,4,0,,False,
qwen3.8-27b@q4_k_xl,Family 3 — chunk size and strategy within metadata_enriched,comparative (n=11),chunk200_bm25_enriched,chunk200_hybrid_enriched,B,answered_grounded_correct,5,0,0,5,0,,False,
qwen3.8-27b@q4_k_xl,Family 3 — chunk size and strategy within metadata_enriched,comparative (n=11),chunk200_bm25_enriched,chunk500_bm25_enriched,B,answered_grounded_correct,6,0,0,6,0,,False,
qwen3.8-27b@q4_k_xl,Family 3 — chunk size and strategy within metadata_enriched,comparative (n=11),chunk200_bm25_enriched,chunk500_dense_enriched,B,answered_grounded_correct,6,0,2,4,2,0.5,True,1.0
qwen3.8-27b@q4_k_xl,Family 3 — chunk size and strategy within metadata_enriched,comparative (n=11),chunk200_bm25_enriched,chunk500_hybrid_enriched,B,answered_grounded_correct,5,0,0,5,0,,False,
qwen3.8-27b@q4_k_xl,Family 3 — chunk size and strategy within metadata_enriched,comparative (n=11),chunk200_dense_enriched,chunk200_hybrid_enriched,B,answered_grounded_correct,3,0,0,3,0,,False,
qwen3.8-27b@q4_k_xl,Family 3 — chunk size and strategy within metadata_enriched,comparative (n=11),chunk200_dense_enriched,chunk500_bm25_enriched,B,answered_grounded_correct,4,0,0,4,0,,False,
qwen3.8-27b@q4_k_xl,Family 3 — chunk size and strategy within metadata_enriched,comparative (n=11),chunk200_dense_enriched,chunk500_dense_enriched,B,answered_grounded_correct,4,0,1,3,1,1.0,True,1.0
qwen3.8-27b@q4_k_xl,Family 3 — chunk size and strategy within metadata_enriched,comparative (n=11),chunk200_dense_enriched,chunk500_hybrid_enriched,B,answered_grounded_correct,3,0,0,3,0,,False,
qwen3.8-27b@q4_k_xl,Family 3 — chunk size and strategy within metadata_enriched,comparative (n=11),chunk200_hybrid_enriched,chunk500_bm25_enriched,B,answered_grounded_correct,4,0,0,4,0,,False,
qwen3.8-27b@q4_k_xl,Family 3 — chunk size and strategy within metadata_enriched,comparative (n=11),chunk200_hybrid_enriched,chunk500_dense_enriched,B,answered_grounded_correct,4,0,1,3,1,1.0,True,1.0
qwen3.8-27b@q4_k_xl,Family 3 — chunk size and strategy within metadata_enriched,comparative (n=11),chunk200_hybrid_enriched,chunk500_hybrid_enriched,B,answered_grounded_correct,3,0,0,3,0,,False,
qwen3.8-27b@q4_k_xl,Family 3 — chunk size and strategy within metadata_enriched,comparative (n=11),chunk500_bm25_enriched,chunk500_dense_enriched,B,answered_grounded_correct,5,0,2,3,2,0.5,True,1.0
qwen3.8-27b@q4_k_xl,Family 3 — chunk size and strategy within metadata_enriched,comparative (n=11),chunk500_bm25_enriched,chunk500_hybrid_enriched,B,answered_grounded_correct,6,0,0,6,0,,False,
qwen3.8-27b@q4_k_xl,Family 3 — chunk size and strategy within metadata_enriched,comparative (n=11),chunk500_dense_enriched,chunk500_hybrid_enriched,B,answered_grounded_correct,4,1,0,3,1,1.0,True,1.0
qwen3.8-27b@q4_k_xl,Family 3 — chunk size and strategy within metadata_enriched,comparative (n=11),chunk200_bm25_enriched,chunk200_dense_enriched,B,answered_grounded_offtarget,4,1,0,3,1,1.0,True,1.0
qwen3.8-27b@q4_k_xl,Family 3 — chunk size and strategy within metadata_enriched,comparative (n=11),chunk200_bm25_enriched,chunk200_hybrid_enriched,B,answered_grounded_offtarget,5,1,1,3,2,1.0,True,1.0
qwen3.8-27b@q4_k_xl,Family 3 — chunk size and strategy within metadata_enriched,comparative (n=11),chunk200_bm25_enriched,chunk500_bm25_enriched,B,answered_grounded_offtarget,6,1,0,5,1,1.0,True,1.0
qwen3.8-27b@q4_k_xl,Family 3 — chunk size and strategy within metadata_enriched,comparative (n=11),chunk200_bm25_enriched,chunk500_dense_enriched,B,answered_grounded_offtarget,6,1,1,4,2,1.0,True,1.0
qwen3.8-27b@q4_k_xl,Family 3 — chunk size and strategy within metadata_enriched,comparative (n=11),chunk200_bm25_enriched,chunk500_hybrid_enriched,B,answered_grounded_offtarget,5,1,0,4,1,1.0,True,1.0
qwen3.8-27b@q4_k_xl,Family 3 — chunk size and strategy within metadata_enriched,comparative (n=11),chunk200_dense_enriched,chunk200_hybrid_enriched,B,answered_grounded_offtarget,3,0,0,3,0,,False,
qwen3.8-27b@q4_k_xl,Family 3 — chunk size and strategy within metadata_enriched,comparative (n=11),chunk200_dense_enriched,chunk500_bm25_enriched,B,answered_grounded_offtarget,4,0,0,4,0,,False,
qwen3.8-27b@q4_k_xl,Family 3 — chunk size and strategy within metadata_enriched,comparative (n=11),chunk200_dense_enriched,chunk500_dense_enriched,B,answered_grounded_offtarget,4,0,0,4,0,,False,
qwen3.8-27b@q4_k_xl,Family 3 — chunk size and strategy within metadata_enriched,comparative (n=11),chunk200_dense_enriched,chunk500_hybrid_enriched,B,answered_grounded_offtarget,3,0,0,3,0,,False,
qwen3.8-27b@q4_k_xl,Family 3 — chunk size and strategy within metadata_enriched,comparative (n=11),chunk200_hybrid_enriched,chunk500_bm25_enriched,B,answered_grounded_offtarget,4,0,0,4,0,,False,
qwen3.8-27b@q4_k_xl,Family 3 — chunk size and strategy within metadata_enriched,comparative (n=11),chunk200_hybrid_enriched,chunk500_dense_enriched,B,answered_grounded_offtarget,4,0,0,4,0,,False,
qwen3.8-27b@q4_k_xl,Family 3 — chunk size and strategy within metadata_enriched,comparative (n=11),chunk200_hybrid_enriched,chunk500_hybrid_enriched,B,answered_grounded_offtarget,3,0,0,3,0,,False,
qwen3.8-27b@q4_k_xl,Family 3 — chunk size and strategy within metadata_enriched,comparative (n=11),chunk500_bm25_enriched,chunk500_dense_enriched,B,answered_grounded_offtarget,5,0,0,5,0,,False,
qwen3.8-27b@q4_k_xl,Family 3 — chunk size and strategy within metadata_enriched,comparative (n=11),chunk500_bm25_enriched,chunk500_hybrid_enriched,B,answered_grounded_offtarget,6,0,0,6,0,,False,
qwen3.8-27b@q4_k_xl,Family 3 — chunk size and strategy within metadata_enriched,comparative (n=11),chunk500_dense_enriched,chunk500_hybrid_enriched,B,answered_grounded_offtarget,4,0,0,4,0,,False,
qwen3.8-27b@q4_k_xl,Family 3 — chunk size and strategy within metadata_enriched,comparative (n=11),chunk200_bm25_enriched,chunk200_dense_enriched,B,answered_ungrounded,4,0,0,4,0,,False,
qwen3.8-27b@q4_k_xl,Family 3 — chunk size and strategy within metadata_enriched,comparative (n=11),chunk200_bm25_enriched,chunk200_hybrid_enriched,B,answered_ungrounded,5,0,0,5,0,,False,
qwen3.8-27b@q4_k_xl,Family 3 — chunk size and strategy within metadata_enriched,comparative (n=11),chunk200_bm25_enriched,chunk500_bm25_enriched,B,answered_ungrounded,6,0,0,6,0,,False,
qwen3.8-27b@q4_k_xl,Family 3 — chunk size and strategy within metadata_enriched,comparative (n=11),chunk200_bm25_enriched,chunk500_dense_enriched,B,answered_ungrounded,6,0,0,6,0,,False,
qwen3.8-27b@q4_k_xl,Family 3 — chunk size and strategy within metadata_enriched,comparative (n=11),chunk200_bm25_enriched,chunk500_hybrid_enriched,B,answered_ungrounded,5,0,0,5,0,,False,
qwen3.8-27b@q4_k_xl,Family 3 — chunk size and strategy within metadata_enriched,comparative (n=11),chunk200_dense_enriched,chunk200_hybrid_enriched,B,answered_ungrounded,3,0,0,3,0,,False,
qwen3.8-27b@q4_k_xl,Family 3 — chunk size and strategy within metadata_enriched,comparative (n=11),chunk200_dense_enriched,chunk500_bm25_enriched,B,answered_ungrounded,4,0,0,4,0,,False,
qwen3.8-27b@q4_k_xl,Family 3 — chunk size and strategy within metadata_enriched,comparative (n=11),chunk200_dense_enriched,chunk500_dense_enriched,B,answered_ungrounded,4,0,0,4,0,,False,
qwen3.8-27b@q4_k_xl,Family 3 — chunk size and strategy within metadata_enriched,comparative (n=11),chunk200_dense_enriched,chunk500_hybrid_enriched,B,answered_ungrounded,3,0,0,3,0,,False,
qwen3.8-27b@q4_k_xl,Family 3 — chunk size and strategy within metadata_enriched,comparative (n=11),chunk200_hybrid_enriched,chunk500_bm25_enriched,B,answered_ungrounded,4,0,0,4,0,,False,
qwen3.8-27b@q4_k_xl,Family 3 — chunk size and strategy within metadata_enriched,comparative (n=11),chunk200_hybrid_enriched,chunk500_dense_enriched,B,answered_ungrounded,4,0,0,4,0,,False,
qwen3.8-27b@q4_k_xl,Family 3 — chunk size and strategy within metadata_enriched,comparative (n=11),chunk200_hybrid_enriched,chunk500_hybrid_enriched,B,answered_ungrounded,3,0,0,3,0,,False,
qwen3.8-27b@q4_k_xl,Family 3 — chunk size and strategy within metadata_enriched,comparative (n=11),chunk500_bm25_enriched,chunk500_dense_enriched,B,answered_ungrounded,5,0,0,5,0,,False,
qwen3.8-27b@q4_k_xl,Family 3 — chunk size and strategy within metadata_enriched,comparative (n=11),chunk500_bm25_enriched,chunk500_hybrid_enriched,B,answered_ungrounded,6,0,0,6,0,,False,
qwen3.8-27b@q4_k_xl,Family 3 — chunk size and strategy within metadata_enriched,comparative (n=11),chunk500_dense_enriched,chunk500_hybrid_enriched,B,answered_ungrounded,4,0,0,4,0,,False,
qwen3.8-27b@q4_k_xl,Family 3 — chunk size and strategy within metadata_enriched,comparative (n=11),chunk200_bm25_enriched,chunk200_dense_enriched,C,abstained,4,1,0,3,1,1.0,True,1.0
qwen3.8-27b@q4_k_xl,Family 3 — chunk size and strategy within metadata_enriched,comparative (n=11),chunk200_bm25_enriched,chunk200_hybrid_enriched,C,abstained,4,1,0,3,1,1.0,True,1.0
qwen3.8-27b@q4_k_xl,Family 3 — chunk size and strategy within metadata_enriched,comparative (n=11),chunk200_bm25_enriched,chunk500_bm25_enriched,C,abstained,2,0,0,2,0,,False,
qwen3.8-27b@q4_k_xl,Family 3 — chunk size and strategy within metadata_enriched,comparative (n=11),chunk200_bm25_enriched,chunk500_dense_enriched,C,abstained,4,1,0,3,1,1.0,True,1.0
qwen3.8-27b@q4_k_xl,Family 3 — chunk size and strategy within metadata_enriched,comparative (n=11),chunk200_bm25_enriched,chunk500_hybrid_enriched,C,abstained,3,1,0,2,1,1.0,True,1.0
qwen3.8-27b@q4_k_xl,Family 3 — chunk size and strategy within metadata_enriched,comparative (n=11),chunk200_dense_enriched,chunk200_hybrid_enriched,C,abstained,5,1,0,4,1,1.0,True,1.0
qwen3.8-27b@q4_k_xl,Family 3 — chunk size and strategy within metadata_enriched,comparative (n=11),chunk200_dense_enriched,chunk500_bm25_enriched,C,abstained,3,0,1,2,1,1.0,True,1.0
qwen3.8-27b@q4_k_xl,Family 3 — chunk size and strategy within metadata_enriched,comparative (n=11),chunk200_dense_enriched,chunk500_dense_enriched,C,abstained,5,0,0,5,0,,False,
qwen3.8-27b@q4_k_xl,Family 3 — chunk size and strategy within metadata_enriched,comparative (n=11),chunk200_dense_enriched,chunk500_hybrid_enriched,C,abstained,4,1,0,3,1,1.0,True,1.0
qwen3.8-27b@q4_k_xl,Family 3 — chunk size and strategy within metadata_enriched,comparative (n=11),chunk200_hybrid_enriched,chunk500_bm25_enriched,C,abstained,2,0,0,2,0,,False,
qwen3.8-27b@q4_k_xl,Family 3 — chunk size and strategy within metadata_enriched,comparative (n=11),chunk200_hybrid_enriched,chunk500_dense_enriched,C,abstained,4,0,0,4,0,,False,
qwen3.8-27b@q4_k_xl,Family 3 — chunk size and strategy within metadata_enriched,comparative (n=11),chunk200_hybrid_enriched,chunk500_hybrid_enriched,C,abstained,3,1,0,2,1,1.0,True,1.0
qwen3.8-27b@q4_k_xl,Family 3 — chunk size and strategy within metadata_enriched,comparative (n=11),chunk500_bm25_enriched,chunk500_dense_enriched,C,abstained,2,0,0,2,0,,False,
qwen3.8-27b@q4_k_xl,Family 3 — chunk size and strategy within metadata_enriched,comparative (n=11),chunk500_bm25_enriched,chunk500_hybrid_enriched,C,abstained,3,2,0,1,2,0.5,True,1.0
qwen3.8-27b@q4_k_xl,Family 3 — chunk size and strategy within metadata_enriched,comparative (n=11),chunk500_dense_enriched,chunk500_hybrid_enriched,C,abstained,3,1,0,2,1,1.0,True,1.0
qwen3.8-27b@q4_k_xl,Family 3 — chunk size and strategy within metadata_enriched,comparative (n=11),chunk200_bm25_enriched,chunk200_dense_enriched,C,answered_grounded_correct,4,0,1,3,1,1.0,True,1.0
qwen3.8-27b@q4_k_xl,Family 3 — chunk size and strategy within metadata_enriched,comparative (n=11),chunk200_bm25_enriched,chunk200_hybrid_enriched,C,answered_grounded_correct,4,0,1,3,1,1.0,True,1.0
qwen3.8-27b@q4_k_xl,Family 3 — chunk size and strategy within metadata_enriched,comparative (n=11),chunk200_bm25_enriched,chunk500_bm25_enriched,C,answered_grounded_correct,2,0,0,2,0,,False,
qwen3.8-27b@q4_k_xl,Family 3 — chunk size and strategy within metadata_enriched,comparative (n=11),chunk200_bm25_enriched,chunk500_dense_enriched,C,answered_grounded_correct,4,0,1,3,1,1.0,True,1.0
qwen3.8-27b@q4_k_xl,Family 3 — chunk size and strategy within metadata_enriched,comparative (n=11),chunk200_bm25_enriched,chunk500_hybrid_enriched,C,answered_grounded_correct,3,0,0,3,0,,False,
qwen3.8-27b@q4_k_xl,Family 3 — chunk size and strategy within metadata_enriched,comparative (n=11),chunk200_dense_enriched,chunk200_hybrid_enriched,C,answered_grounded_correct,5,0,1,4,1,1.0,True,1.0
qwen3.8-27b@q4_k_xl,Family 3 — chunk size and strategy within metadata_enriched,comparative (n=11),chunk200_dense_enriched,chunk500_bm25_enriched,C,answered_grounded_correct,3,0,0,3,0,,False,
qwen3.8-27b@q4_k_xl,Family 3 — chunk size and strategy within metadata_enriched,comparative (n=11),chunk200_dense_enriched,chunk500_dense_enriched,C,answered_grounded_correct,5,0,0,5,0,,False,
qwen3.8-27b@q4_k_xl,Family 3 — chunk size and strategy within metadata_enriched,comparative (n=11),chunk200_dense_enriched,chunk500_hybrid_enriched,C,answered_grounded_correct,4,0,0,4,0,,False,
qwen3.8-27b@q4_k_xl,Family 3 — chunk size and strategy within metadata_enriched,comparative (n=11),chunk200_hybrid_enriched,chunk500_bm25_enriched,C,answered_grounded_correct,2,0,0,2,0,,False,
qwen3.8-27b@q4_k_xl,Family 3 — chunk size and strategy within metadata_enriched,comparative (n=11),chunk200_hybrid_enriched,chunk500_dense_enriched,C,answered_grounded_correct,4,0,0,4,0,,False,
qwen3.8-27b@q4_k_xl,Family 3 — chunk size and strategy within metadata_enriched,comparative (n=11),chunk200_hybrid_enriched,chunk500_hybrid_enriched,C,answered_grounded_correct,3,0,0,3,0,,False,
qwen3.8-27b@q4_k_xl,Family 3 — chunk size and strategy within metadata_enriched,comparative (n=11),chunk500_bm25_enriched,chunk500_dense_enriched,C,answered_grounded_correct,2,0,0,2,0,,False,
qwen3.8-27b@q4_k_xl,Family 3 — chunk size and strategy within metadata_enriched,comparative (n=11),chunk500_bm25_enriched,chunk500_hybrid_enriched,C,answered_grounded_correct,3,0,0,3,0,,False,
qwen3.8-27b@q4_k_xl,Family 3 — chunk size and strategy within metadata_enriched,comparative (n=11),chunk500_dense_enriched,chunk500_hybrid_enriched,C,answered_grounded_correct,3,0,0,3,0,,False,
qwen3.8-27b@q4_k_xl,Family 3 — chunk size and strategy within metadata_enriched,comparative (n=11),chunk200_bm25_enriched,chunk200_dense_enriched,C,answered_grounded_offtarget,4,0,0,4,0,,False,
qwen3.8-27b@q4_k_xl,Family 3 — chunk size and strategy within metadata_enriched,comparative (n=11),chunk200_bm25_enriched,chunk200_hybrid_enriched,C,answered_grounded_offtarget,4,0,0,4,0,,False,
qwen3.8-27b@q4_k_xl,Family 3 — chunk size and strategy within metadata_enriched,comparative (n=11),chunk200_bm25_enriched,chunk500_bm25_enriched,C,answered_grounded_offtarget,2,0,0,2,0,,False,
qwen3.8-27b@q4_k_xl,Family 3 — chunk size and strategy within metadata_enriched,comparative (n=11),chunk200_bm25_enriched,chunk500_dense_enriched,C,answered_grounded_offtarget,4,0,0,4,0,,False,
qwen3.8-27b@q4_k_xl,Family 3 — chunk size and strategy within metadata_enriched,comparative (n=11),chunk200_bm25_enriched,chunk500_hybrid_enriched,C,answered_grounded_offtarget,3,0,0,3,0,,False,
qwen3.8-27b@q4_k_xl,Family 3 — chunk size and strategy within metadata_enriched,comparative (n=11),chunk200_dense_enriched,chunk200_hybrid_enriched,C,answered_grounded_offtarget,5,0,0,5,0,,False,
qwen3.8-27b@q4_k_xl,Family 3 — chunk size and strategy within metadata_enriched,comparative (n=11),chunk200_dense_enriched,chunk500_bm25_enriched,C,answered_grounded_offtarget,3,1,0,2,1,1.0,True,1.0
qwen3.8-27b@q4_k_xl,Family 3 — chunk size and strategy within metadata_enriched,comparative (n=11),chunk200_dense_enriched,chunk500_dense_enriched,C,answered_grounded_offtarget,5,0,0,5,0,,False,
qwen3.8-27b@q4_k_xl,Family 3 — chunk size and strategy within metadata_enriched,comparative (n=11),chunk200_dense_enriched,chunk500_hybrid_enriched,C,answered_grounded_offtarget,4,0,0,4,0,,False,
qwen3.8-27b@q4_k_xl,Family 3 — chunk size and strategy within metadata_enriched,comparative (n=11),chunk200_hybrid_enriched,chunk500_bm25_enriched,C,answered_grounded_offtarget,2,0,0,2,0,,False,
qwen3.8-27b@q4_k_xl,Family 3 — chunk size and strategy within metadata_enriched,comparative (n=11),chunk200_hybrid_enriched,chunk500_dense_enriched,C,answered_grounded_offtarget,4,0,0,4,0,,False,
qwen3.8-27b@q4_k_xl,Family 3 — chunk size and strategy within metadata_enriched,comparative (n=11),chunk200_hybrid_enriched,chunk500_hybrid_enriched,C,answered_grounded_offtarget,3,0,0,3,0,,False,
qwen3.8-27b@q4_k_xl,Family 3 — chunk size and strategy within metadata_enriched,comparative (n=11),chunk500_bm25_enriched,chunk500_dense_enriched,C,answered_grounded_offtarget,2,0,0,2,0,,False,
qwen3.8-27b@q4_k_xl,Family 3 — chunk size and strategy within metadata_enriched,comparative (n=11),chunk500_bm25_enriched,chunk500_hybrid_enriched,C,answered_grounded_offtarget,3,0,1,2,1,1.0,True,1.0
qwen3.8-27b@q4_k_xl,Family 3 — chunk size and strategy within metadata_enriched,comparative (n=11),chunk500_dense_enriched,chunk500_hybrid_enriched,C,answered_grounded_offtarget,3,0,0,3,0,,False,
qwen3.8-27b@q4_k_xl,Family 3 — chunk size and strategy within metadata_enriched,comparative (n=11),chunk200_bm25_enriched,chunk200_dense_enriched,C,answered_ungrounded,4,0,0,4,0,,False,
qwen3.8-27b@q4_k_xl,Family 3 — chunk size and strategy within metadata_enriched,comparative (n=11),chunk200_bm25_enriched,chunk200_hybrid_enriched,C,answered_ungrounded,4,0,0,4,0,,False,
qwen3.8-27b@q4_k_xl,Family 3 — chunk size and strategy within metadata_enriched,comparative (n=11),chunk200_bm25_enriched,chunk500_bm25_enriched,C,answered_ungrounded,2,0,0,2,0,,False,
qwen3.8-27b@q4_k_xl,Family 3 — chunk size and strategy within metadata_enriched,comparative (n=11),chunk200_bm25_enriched,chunk500_dense_enriched,C,answered_ungrounded,4,0,0,4,0,,False,
qwen3.8-27b@q4_k_xl,Family 3 — chunk size and strategy within metadata_enriched,comparative (n=11),chunk200_bm25_enriched,chunk500_hybrid_enriched,C,answered_ungrounded,3,0,1,2,1,1.0,True,1.0
qwen3.8-27b@q4_k_xl,Family 3 — chunk size and strategy within metadata_enriched,comparative (n=11),chunk200_dense_enriched,chunk200_hybrid_enriched,C,answered_ungrounded,5,0,0,5,0,,False,
qwen3.8-27b@q4_k_xl,Family 3 — chunk size and strategy within metadata_enriched,comparative (n=11),chunk200_dense_enriched,chunk500_bm25_enriched,C,answered_ungrounded,3,0,0,3,0,,False,
qwen3.8-27b@q4_k_xl,Family 3 — chunk size and strategy within metadata_enriched,comparative (n=11),chunk200_dense_enriched,chunk500_dense_enriched,C,answered_ungrounded,5,0,0,5,0,,False,
qwen3.8-27b@q4_k_xl,Family 3 — chunk size and strategy within metadata_enriched,comparative (n=11),chunk200_dense_enriched,chunk500_hybrid_enriched,C,answered_ungrounded,4,0,1,3,1,1.0,True,1.0
qwen3.8-27b@q4_k_xl,Family 3 — chunk size and strategy within metadata_enriched,comparative (n=11),chunk200_hybrid_enriched,chunk500_bm25_enriched,C,answered_ungrounded,2,0,0,2,0,,False,
qwen3.8-27b@q4_k_xl,Family 3 — chunk size and strategy within metadata_enriched,comparative (n=11),chunk200_hybrid_enriched,chunk500_dense_enriched,C,answered_ungrounded,4,0,0,4,0,,False,
qwen3.8-27b@q4_k_xl,Family 3 — chunk size and strategy within metadata_enriched,comparative (n=11),chunk200_hybrid_enriched,chunk500_hybrid_enriched,C,answered_ungrounded,3,0,1,2,1,1.0,True,1.0
qwen3.8-27b@q4_k_xl,Family 3 — chunk size and strategy within metadata_enriched,comparative (n=11),chunk500_bm25_enriched,chunk500_dense_enriched,C,answered_ungrounded,2,0,0,2,0,,False,
qwen3.8-27b@q4_k_xl,Family 3 — chunk size and strategy within metadata_enriched,comparative (n=11),chunk500_bm25_enriched,chunk500_hybrid_enriched,C,answered_ungrounded,3,0,1,2,1,1.0,True,1.0
qwen3.8-27b@q4_k_xl,Family 3 — chunk size and strategy within metadata_enriched,comparative (n=11),chunk500_dense_enriched,chunk500_hybrid_enriched,C,answered_ungrounded,3,0,1,2,1,1.0,True,1.0
